[{"model": "admin.logentry", "pk": 1, "fields": {"action_time": "2023-06-07T19:03:23.766Z", "user": 1, "content_type": 13, "object_id": "1", "object_repr": "plushies", "action_flag": 1, "change_message": "[{\"added\": {}}]"}}, {"model": "admin.logentry", "pk": 2, "fields": {"action_time": "2023-06-07T19:29:30.806Z", "user": 1, "content_type": 13, "object_id": "2", "object_repr": "keychains", "action_flag": 1, "change_message": "[{\"added\": {}}]"}}, {"model": "admin.logentry", "pk": 3, "fields": {"action_time": "2023-06-07T19:30:21.588Z", "user": 1, "content_type": 13, "object_id": "1", "object_repr": "plushies", "action_flag": 2, "change_message": "[{\"changed\": {\"fields\": [\"Image\"]}}]"}}, {"model": "admin.logentry", "pk": 4, "fields": {"action_time": "2023-06-07T20:04:19.255Z", "user": 1, "content_type": 13, "object_id": "2", "object_repr": "keychains", "action_flag": 2, "change_message": "[{\"changed\": {\"fields\": [\"Image\"]}}]"}}, {"model": "admin.logentry", "pk": 5, "fields": {"action_time": "2023-06-07T20:04:28.612Z", "user": 1, "content_type": 13, "object_id": "1", "object_repr": "plushies", "action_flag": 2, "change_message": "[{\"changed\": {\"fields\": [\"Image\"]}}]"}}, {"model": "admin.logentry", "pk": 6, "fields": {"action_time": "2023-06-07T20:16:16.780Z", "user": 1, "content_type": 13, "object_id": "3", "object_repr": "figurines", "action_flag": 1, "change_message": "[{\"added\": {}}]"}}, {"model": "admin.logentry", "pk": 7, "fields": {"action_time": "2023-06-08T10:34:09.121Z", "user": 1, "content_type": 13, "object_id": "2", "object_repr": "keychains", "action_flag": 2, "change_message": "[{\"changed\": {\"fields\": [\"Image\"]}}]"}}, {"model": "admin.logentry", "pk": 8, "fields": {"action_time": "2023-06-08T10:35:15.937Z", "user": 1, "content_type": 13, "object_id": "3", "object_repr": "figurines", "action_flag": 2, "change_message": "[{\"changed\": {\"fields\": [\"Image\"]}}]"}}, {"model": "admin.logentry", "pk": 9, "fields": {"action_time": "2023-06-08T10:35:20.841Z", "user": 1, "content_type": 13, "object_id": "1", "object_repr": "plushies", "action_flag": 2, "change_message": "[{\"changed\": {\"fields\": [\"Image\"]}}]"}}, {"model": "admin.logentry", "pk": 10, "fields": {"action_time": "2023-06-08T10:37:12.930Z", "user": 1, "content_type": 14, "object_id": "1", "object_repr": "nami keychain", "action_flag": 1, "change_message": "[{\"added\": {}}]"}}, {"model": "admin.logentry", "pk": 11, "fields": {"action_time": "2023-06-08T10:38:09.877Z", "user": 1, "content_type": 14, "object_id": "1", "object_repr": "nami keychain", "action_flag": 2, "change_message": "[]"}}, {"model": "admin.logentry", "pk": 12, "fields": {"action_time": "2023-06-08T10:39:39.687Z", "user": 1, "content_type": 14, "object_id": "2", "object_repr": "jigglypuff keychain", "action_flag": 1, "change_message": "[{\"added\": {}}]"}}, {"model": "admin.logentry", "pk": 13, "fields": {"action_time": "2023-06-08T10:40:03.346Z", "user": 1, "content_type": 14, "object_id": "3", "object_repr": "naruto keychain", "action_flag": 1, "change_message": "[{\"added\": {}}]"}}, {"model": "admin.logentry", "pk": 14, "fields": {"action_time": "2023-06-08T10:40:30.792Z", "user": 1, "content_type": 13, "object_id": "4", "object_repr": "stickers", "action_flag": 1, "change_message": "[{\"added\": {}}]"}}, {"model": "admin.logentry", "pk": 15, "fields": {"action_time": "2023-06-08T10:40:38.062Z", "user": 1, "content_type": 13, "object_id": "5", "object_repr": "arts", "action_flag": 1, "change_message": "[{\"added\": {}}]"}}, {"model": "admin.logentry", "pk": 16, "fields": {"action_time": "2023-06-08T10:40:50.563Z", "user": 1, "content_type": 13, "object_id": "6", "object_repr": "acrylics", "action_flag": 1, "change_message": "[{\"added\": {}}]"}}, {"model": "admin.logentry", "pk": 17, "fields": {"action_time": "2023-06-08T10:41:31.888Z", "user": 1, "content_type": 14, "object_id": "4", "object_repr": "ichigo acrylic stand", "action_flag": 1, "change_message": "[{\"added\": {}}]"}}, {"model": "admin.logentry", "pk": 18, "fields": {"action_time": "2023-06-08T10:43:30.079Z", "user": 1, "content_type": 14, "object_id": "5", "object_repr": "squirtle keychain", "action_flag": 1, "change_message": "[{\"added\": {}}]"}}, {"model": "admin.logentry", "pk": 19, "fields": {"action_time": "2023-06-08T10:44:40.370Z", "user": 1, "content_type": 14, "object_id": "6", "object_repr": "goku plushy", "action_flag": 1, "change_message": "[{\"added\": {}}]"}}, {"model": "admin.logentry", "pk": 20, "fields": {"action_time": "2023-06-08T10:45:19.454Z", "user": 1, "content_type": 14, "object_id": "7", "object_repr": "luffy plushy", "action_flag": 1, "change_message": "[{\"added\": {}}]"}}, {"model": "admin.logentry", "pk": 21, "fields": {"action_time": "2023-06-08T10:45:43.723Z", "user": 1, "content_type": 14, "object_id": "8", "object_repr": "nami plushy", "action_flag": 1, "change_message": "[{\"added\": {}}]"}}, {"model": "admin.logentry", "pk": 22, "fields": {"action_time": "2023-06-08T10:46:04.948Z", "user": 1, "content_type": 14, "object_id": "9", "object_repr": "rem plushy", "action_flag": 1, "change_message": "[{\"added\": {}}]"}}, {"model": "admin.logentry", "pk": 23, "fields": {"action_time": "2023-06-08T10:46:53.680Z", "user": 1, "content_type": 14, "object_id": "10", "object_repr": "dragon figurine", "action_flag": 1, "change_message": "[{\"added\": {}}]"}}, {"model": "admin.logentry", "pk": 24, "fields": {"action_time": "2023-06-08T10:47:14.763Z", "user": 1, "content_type": 14, "object_id": "11", "object_repr": "goku figurine", "action_flag": 1, "change_message": "[{\"added\": {}}]"}}, {"model": "admin.logentry", "pk": 25, "fields": {"action_time": "2023-06-08T10:47:34.559Z", "user": 1, "content_type": 14, "object_id": "12", "object_repr": "zoro figurine", "action_flag": 1, "change_message": "[{\"added\": {}}]"}}, {"model": "admin.logentry", "pk": 26, "fields": {"action_time": "2023-06-08T10:50:55.807Z", "user": 1, "content_type": 14, "object_id": "13", "object_repr": "luffy acrylic stand", "action_flag": 1, "change_message": "[{\"added\": {}}]"}}, {"model": "admin.logentry", "pk": 27, "fields": {"action_time": "2023-06-08T10:51:28.965Z", "user": 1, "content_type": 14, "object_id": "14", "object_repr": "killua acrylic stand", "action_flag": 1, "change_message": "[{\"added\": {}}]"}}, {"model": "admin.logentry", "pk": 28, "fields": {"action_time": "2023-06-08T10:51:57.663Z", "user": 1, "content_type": 14, "object_id": "15", "object_repr": "rem and ram acrylic stand", "action_flag": 1, "change_message": "[{\"added\": {}}]"}}, {"model": "admin.logentry", "pk": 29, "fields": {"action_time": "2023-06-08T10:52:28.440Z", "user": 1, "content_type": 14, "object_id": "16", "object_repr": "vegeta acrylic stand", "action_flag": 1, "change_message": "[{\"added\": {}}]"}}, {"model": "admin.logentry", "pk": 30, "fields": {"action_time": "2023-06-08T10:53:31.914Z", "user": 1, "content_type": 14, "object_id": "17", "object_repr": "blazing naruto", "action_flag": 1, "change_message": "[{\"added\": {}}]"}}, {"model": "admin.logentry", "pk": 31, "fields": {"action_time": "2023-06-08T10:53:55.061Z", "user": 1, "content_type": 14, "object_id": "18", "object_repr": "ghost girl", "action_flag": 1, "change_message": "[{\"added\": {}}]"}}, {"model": "admin.logentry", "pk": 32, "fields": {"action_time": "2023-06-08T10:54:17.284Z", "user": 1, "content_type": 14, "object_id": "19", "object_repr": "red luffy", "action_flag": 1, "change_message": "[{\"added\": {}}]"}}, {"model": "admin.logentry", "pk": 33, "fields": {"action_time": "2023-06-08T10:55:37.340Z", "user": 1, "content_type": 14, "object_id": "20", "object_repr": "sailor moon sticker", "action_flag": 1, "change_message": "[{\"added\": {}}]"}}, {"model": "admin.logentry", "pk": 34, "fields": {"action_time": "2023-06-08T10:59:24.678Z", "user": 1, "content_type": 14, "object_id": "20", "object_repr": "sailor moon sticker", "action_flag": 2, "change_message": "[{\"changed\": {\"fields\": [\"Description\"]}}]"}}, {"model": "admin.logentry", "pk": 35, "fields": {"action_time": "2023-06-08T11:00:17.937Z", "user": 1, "content_type": 14, "object_id": "14", "object_repr": "killua acrylic stand", "action_flag": 3, "change_message": ""}}, {"model": "admin.logentry", "pk": 36, "fields": {"action_time": "2023-06-08T11:01:16.260Z", "user": 1, "content_type": 14, "object_id": "19", "object_repr": "red luffy", "action_flag": 2, "change_message": "[{\"changed\": {\"fields\": [\"Description\"]}}]"}}, {"model": "admin.logentry", "pk": 37, "fields": {"action_time": "2023-06-08T11:05:28.240Z", "user": 1, "content_type": 15, "object_id": "1", "object_repr": "15 cm", "action_flag": 1, "change_message": "[{\"added\": {}}]"}}, {"model": "admin.logentry", "pk": 38, "fields": {"action_time": "2023-06-08T11:06:04.299Z", "user": 1, "content_type": 15, "object_id": "2", "object_repr": "24 cm", "action_flag": 1, "change_message": "[{\"added\": {}}]"}}, {"model": "admin.logentry", "pk": 39, "fields": {"action_time": "2023-06-08T11:06:38.076Z", "user": 1, "content_type": 15, "object_id": "3", "object_repr": "gift", "action_flag": 1, "change_message": "[{\"added\": {}}]"}}, {"model": "admin.logentry", "pk": 40, "fields": {"action_time": "2023-06-08T11:06:45.975Z", "user": 1, "content_type": 15, "object_id": "4", "object_repr": "no", "action_flag": 1, "change_message": "[{\"added\": {}}]"}}, {"model": "admin.logentry", "pk": 41, "fields": {"action_time": "2023-06-08T11:06:54.689Z", "user": 1, "content_type": 15, "object_id": "5", "object_repr": "default", "action_flag": 1, "change_message": "[{\"added\": {}}]"}}, {"model": "admin.logentry", "pk": 42, "fields": {"action_time": "2023-06-08T11:06:59.527Z", "user": 1, "content_type": 15, "object_id": "6", "object_repr": "gift", "action_flag": 1, "change_message": "[{\"added\": {}}]"}}, {"model": "admin.logentry", "pk": 43, "fields": {"action_time": "2023-06-08T11:07:04.156Z", "user": 1, "content_type": 15, "object_id": "7", "object_repr": "no", "action_flag": 1, "change_message": "[{\"added\": {}}]"}}, {"model": "admin.logentry", "pk": 44, "fields": {"action_time": "2023-06-08T11:08:00.811Z", "user": 1, "content_type": 15, "object_id": "8", "object_repr": "15 x 15 cm", "action_flag": 1, "change_message": "[{\"added\": {}}]"}}, {"model": "admin.logentry", "pk": 45, "fields": {"action_time": "2023-06-08T11:08:32.140Z", "user": 1, "content_type": 15, "object_id": "8", "object_repr": "15 x 15 cm", "action_flag": 2, "change_message": "[]"}}, {"model": "admin.logentry", "pk": 46, "fields": {"action_time": "2023-06-08T11:08:46.912Z", "user": 1, "content_type": 15, "object_id": "9", "object_repr": "24 x 24 cm", "action_flag": 1, "change_message": "[{\"added\": {}}]"}}, {"model": "admin.logentry", "pk": 47, "fields": {"action_time": "2023-06-08T11:10:32.837Z", "user": 1, "content_type": 14, "object_id": "18", "object_repr": "ghost girl", "action_flag": 2, "change_message": "[{\"changed\": {\"fields\": [\"Description\"]}}]"}}, {"model": "admin.logentry", "pk": 48, "fields": {"action_time": "2023-06-08T11:10:49.517Z", "user": 1, "content_type": 14, "object_id": "17", "object_repr": "blazing naruto", "action_flag": 2, "change_message": "[{\"changed\": {\"fields\": [\"Description\"]}}]"}}, {"model": "admin.logentry", "pk": 49, "fields": {"action_time": "2023-06-08T11:11:12.472Z", "user": 1, "content_type": 14, "object_id": "16", "object_repr": "vegeta acrylic stand", "action_flag": 2, "change_message": "[{\"changed\": {\"fields\": [\"Description\"]}}]"}}, {"model": "admin.logentry", "pk": 50, "fields": {"action_time": "2023-06-08T11:11:38.599Z", "user": 1, "content_type": 14, "object_id": "15", "object_repr": "rem and ram acrylic stand", "action_flag": 2, "change_message": "[{\"changed\": {\"fields\": [\"Description\"]}}]"}}, {"model": "admin.logentry", "pk": 51, "fields": {"action_time": "2023-06-08T11:11:51.758Z", "user": 1, "content_type": 14, "object_id": "13", "object_repr": "luffy acrylic stand", "action_flag": 2, "change_message": "[]"}}, {"model": "admin.logentry", "pk": 52, "fields": {"action_time": "2023-06-08T11:12:41.390Z", "user": 1, "content_type": 14, "object_id": "13", "object_repr": "luffy acrylic stand", "action_flag": 2, "change_message": "[{\"changed\": {\"fields\": [\"Description\"]}}]"}}, {"model": "admin.logentry", "pk": 53, "fields": {"action_time": "2023-06-08T11:12:57.253Z", "user": 1, "content_type": 14, "object_id": "12", "object_repr": "zoro figurine", "action_flag": 2, "change_message": "[{\"changed\": {\"fields\": [\"Description\"]}}]"}}, {"model": "admin.logentry", "pk": 54, "fields": {"action_time": "2023-06-08T11:13:13.770Z", "user": 1, "content_type": 14, "object_id": "11", "object_repr": "goku figurine", "action_flag": 2, "change_message": "[{\"changed\": {\"fields\": [\"Description\"]}}]"}}, {"model": "admin.logentry", "pk": 55, "fields": {"action_time": "2023-06-08T11:13:31.578Z", "user": 1, "content_type": 14, "object_id": "10", "object_repr": "dragon figurine", "action_flag": 2, "change_message": "[{\"changed\": {\"fields\": [\"Description\"]}}]"}}, {"model": "admin.logentry", "pk": 56, "fields": {"action_time": "2023-06-08T11:13:49.659Z", "user": 1, "content_type": 14, "object_id": "9", "object_repr": "rem plushy", "action_flag": 2, "change_message": "[{\"changed\": {\"fields\": [\"Description\"]}}]"}}, {"model": "admin.logentry", "pk": 57, "fields": {"action_time": "2023-06-08T11:14:13.689Z", "user": 1, "content_type": 14, "object_id": "8", "object_repr": "nami plushy", "action_flag": 2, "change_message": "[{\"changed\": {\"fields\": [\"Description\"]}}]"}}, {"model": "admin.logentry", "pk": 58, "fields": {"action_time": "2023-06-08T11:14:35.206Z", "user": 1, "content_type": 14, "object_id": "7", "object_repr": "luffy plushy", "action_flag": 2, "change_message": "[{\"changed\": {\"fields\": [\"Description\"]}}]"}}, {"model": "admin.logentry", "pk": 59, "fields": {"action_time": "2023-06-08T11:14:56.005Z", "user": 1, "content_type": 14, "object_id": "6", "object_repr": "goku plushy", "action_flag": 2, "change_message": "[{\"changed\": {\"fields\": [\"Description\"]}}]"}}, {"model": "admin.logentry", "pk": 60, "fields": {"action_time": "2023-06-08T11:15:22.246Z", "user": 1, "content_type": 14, "object_id": "5", "object_repr": "squirtle keychain", "action_flag": 2, "change_message": "[{\"changed\": {\"fields\": [\"Description\"]}}]"}}, {"model": "admin.logentry", "pk": 61, "fields": {"action_time": "2023-06-08T11:15:38.601Z", "user": 1, "content_type": 14, "object_id": "4", "object_repr": "ichigo acrylic stand", "action_flag": 2, "change_message": "[{\"changed\": {\"fields\": [\"Description\"]}}]"}}, {"model": "admin.logentry", "pk": 62, "fields": {"action_time": "2023-06-08T11:16:00.405Z", "user": 1, "content_type": 14, "object_id": "3", "object_repr": "naruto keychain", "action_flag": 2, "change_message": "[{\"changed\": {\"fields\": [\"Description\"]}}]"}}, {"model": "admin.logentry", "pk": 63, "fields": {"action_time": "2023-06-08T11:16:17.146Z", "user": 1, "content_type": 14, "object_id": "2", "object_repr": "jigglypuff keychain", "action_flag": 2, "change_message": "[{\"changed\": {\"fields\": [\"Description\"]}}]"}}, {"model": "admin.logentry", "pk": 64, "fields": {"action_time": "2023-06-08T11:16:36.615Z", "user": 1, "content_type": 14, "object_id": "1", "object_repr": "nami keychain", "action_flag": 2, "change_message": "[{\"changed\": {\"fields\": [\"Description\"]}}]"}}, {"model": "admin.logentry", "pk": 65, "fields": {"action_time": "2023-06-08T11:18:23.786Z", "user": 1, "content_type": 15, "object_id": "10", "object_repr": "default", "action_flag": 1, "change_message": "[{\"added\": {}}]"}}, {"model": "admin.logentry", "pk": 66, "fields": {"action_time": "2023-06-08T11:18:33.653Z", "user": 1, "content_type": 15, "object_id": "11", "object_repr": "gift", "action_flag": 1, "change_message": "[{\"added\": {}}]"}}, {"model": "admin.logentry", "pk": 67, "fields": {"action_time": "2023-06-08T11:18:42.711Z", "user": 1, "content_type": 15, "object_id": "12", "object_repr": "no", "action_flag": 1, "change_message": "[{\"added\": {}}]"}}, {"model": "admin.logentry", "pk": 68, "fields": {"action_time": "2023-06-08T11:18:56.030Z", "user": 1, "content_type": 15, "object_id": "13", "object_repr": "default", "action_flag": 1, "change_message": "[{\"added\": {}}]"}}, {"model": "admin.logentry", "pk": 69, "fields": {"action_time": "2023-06-08T11:19:05.351Z", "user": 1, "content_type": 15, "object_id": "14", "object_repr": "gift", "action_flag": 1, "change_message": "[{\"added\": {}}]"}}, {"model": "admin.logentry", "pk": 70, "fields": {"action_time": "2023-06-08T11:19:13.444Z", "user": 1, "content_type": 15, "object_id": "15", "object_repr": "no", "action_flag": 1, "change_message": "[{\"added\": {}}]"}}, {"model": "admin.logentry", "pk": 71, "fields": {"action_time": "2023-06-08T11:19:24.949Z", "user": 1, "content_type": 15, "object_id": "16", "object_repr": "default", "action_flag": 1, "change_message": "[{\"added\": {}}]"}}, {"model": "admin.logentry", "pk": 72, "fields": {"action_time": "2023-06-08T11:19:35.115Z", "user": 1, "content_type": 15, "object_id": "17", "object_repr": "gift", "action_flag": 1, "change_message": "[{\"added\": {}}]"}}, {"model": "admin.logentry", "pk": 73, "fields": {"action_time": "2023-06-08T11:20:03.159Z", "user": 1, "content_type": 15, "object_id": "18", "object_repr": "15 cm", "action_flag": 1, "change_message": "[{\"added\": {}}]"}}, {"model": "admin.logentry", "pk": 74, "fields": {"action_time": "2023-06-08T11:20:12.273Z", "user": 1, "content_type": 15, "object_id": "19", "object_repr": "24 cm", "action_flag": 1, "change_message": "[{\"added\": {}}]"}}, {"model": "admin.logentry", "pk": 75, "fields": {"action_time": "2023-06-08T11:20:24.652Z", "user": 1, "content_type": 15, "object_id": "20", "object_repr": "15 cm", "action_flag": 1, "change_message": "[{\"added\": {}}]"}}, {"model": "admin.logentry", "pk": 76, "fields": {"action_time": "2023-06-08T11:20:43.968Z", "user": 1, "content_type": 15, "object_id": "21", "object_repr": "15 cm", "action_flag": 1, "change_message": "[{\"added\": {}}]"}}, {"model": "admin.logentry", "pk": 77, "fields": {"action_time": "2023-06-08T11:20:52.146Z", "user": 1, "content_type": 15, "object_id": "22", "object_repr": "24 cm", "action_flag": 1, "change_message": "[{\"added\": {}}]"}}, {"model": "admin.logentry", "pk": 78, "fields": {"action_time": "2023-06-08T11:21:01.678Z", "user": 1, "content_type": 15, "object_id": "23", "object_repr": "15 cm", "action_flag": 1, "change_message": "[{\"added\": {}}]"}}, {"model": "admin.logentry", "pk": 79, "fields": {"action_time": "2023-06-08T11:21:09.864Z", "user": 1, "content_type": 15, "object_id": "24", "object_repr": "24 cm", "action_flag": 1, "change_message": "[{\"added\": {}}]"}}, {"model": "admin.logentry", "pk": 80, "fields": {"action_time": "2023-06-08T11:21:19.752Z", "user": 1, "content_type": 15, "object_id": "25", "object_repr": "15 cm", "action_flag": 1, "change_message": "[{\"added\": {}}]"}}, {"model": "admin.logentry", "pk": 81, "fields": {"action_time": "2023-06-08T11:21:27.466Z", "user": 1, "content_type": 15, "object_id": "26", "object_repr": "24 cm", "action_flag": 1, "change_message": "[{\"added\": {}}]"}}, {"model": "admin.logentry", "pk": 82, "fields": {"action_time": "2023-06-08T11:21:36.721Z", "user": 1, "content_type": 15, "object_id": "27", "object_repr": "15 cm", "action_flag": 1, "change_message": "[{\"added\": {}}]"}}, {"model": "admin.logentry", "pk": 83, "fields": {"action_time": "2023-06-08T11:21:45.369Z", "user": 1, "content_type": 15, "object_id": "28", "object_repr": "24 cm", "action_flag": 1, "change_message": "[{\"added\": {}}]"}}, {"model": "admin.logentry", "pk": 84, "fields": {"action_time": "2023-06-08T11:21:59.579Z", "user": 1, "content_type": 15, "object_id": "29", "object_repr": "15 cm", "action_flag": 1, "change_message": "[{\"added\": {}}]"}}, {"model": "admin.logentry", "pk": 85, "fields": {"action_time": "2023-06-08T11:22:07.003Z", "user": 1, "content_type": 15, "object_id": "30", "object_repr": "24 cm", "action_flag": 1, "change_message": "[{\"added\": {}}]"}}, {"model": "admin.logentry", "pk": 86, "fields": {"action_time": "2023-06-08T11:22:16.512Z", "user": 1, "content_type": 15, "object_id": "31", "object_repr": "15 cm", "action_flag": 1, "change_message": "[{\"added\": {}}]"}}, {"model": "admin.logentry", "pk": 87, "fields": {"action_time": "2023-06-08T11:22:25.305Z", "user": 1, "content_type": 15, "object_id": "32", "object_repr": "24 cm", "action_flag": 1, "change_message": "[{\"added\": {}}]"}}, {"model": "admin.logentry", "pk": 88, "fields": {"action_time": "2023-06-08T11:22:43.801Z", "user": 1, "content_type": 15, "object_id": "33", "object_repr": "15 cm", "action_flag": 1, "change_message": "[{\"added\": {}}]"}}, {"model": "admin.logentry", "pk": 89, "fields": {"action_time": "2023-06-08T11:22:52.179Z", "user": 1, "content_type": 15, "object_id": "34", "object_repr": "24 cm", "action_flag": 1, "change_message": "[{\"added\": {}}]"}}, {"model": "admin.logentry", "pk": 90, "fields": {"action_time": "2023-06-08T11:23:00.757Z", "user": 1, "content_type": 15, "object_id": "35", "object_repr": "15 cm", "action_flag": 1, "change_message": "[{\"added\": {}}]"}}, {"model": "admin.logentry", "pk": 91, "fields": {"action_time": "2023-06-08T11:23:06.748Z", "user": 1, "content_type": 15, "object_id": "36", "object_repr": "24 cm", "action_flag": 1, "change_message": "[{\"added\": {}}]"}}, {"model": "admin.logentry", "pk": 92, "fields": {"action_time": "2023-06-08T11:23:41.028Z", "user": 1, "content_type": 15, "object_id": "37", "object_repr": "15 x 15 cm", "action_flag": 1, "change_message": "[{\"added\": {}}]"}}, {"model": "admin.logentry", "pk": 93, "fields": {"action_time": "2023-06-08T11:23:52.057Z", "user": 1, "content_type": 15, "object_id": "38", "object_repr": "15 x 15 cm", "action_flag": 1, "change_message": "[{\"added\": {}}]"}}, {"model": "admin.logentry", "pk": 94, "fields": {"action_time": "2023-06-08T11:24:03.356Z", "user": 1, "content_type": 15, "object_id": "39", "object_repr": "default", "action_flag": 1, "change_message": "[{\"added\": {}}]"}}, {"model": "admin.logentry", "pk": 95, "fields": {"action_time": "2023-06-08T11:45:59.366Z", "user": 1, "content_type": 15, "object_id": "78", "object_repr": "gift", "action_flag": 3, "change_message": ""}}, {"model": "admin.logentry", "pk": 96, "fields": {"action_time": "2023-06-08T12:06:48.328Z", "user": 1, "content_type": 14, "object_id": "10", "object_repr": "megumin figurine", "action_flag": 2, "change_message": "[{\"changed\": {\"fields\": [\"Name\", \"Slug\", \"Description\"]}}]"}}, {"model": "admin.logentry", "pk": 97, "fields": {"action_time": "2023-06-08T12:07:26.996Z", "user": 1, "content_type": 14, "object_id": "10", "object_repr": "megumin figurine", "action_flag": 2, "change_message": "[{\"changed\": {\"fields\": [\"Image\"]}}]"}}, {"model": "admin.logentry", "pk": 98, "fields": {"action_time": "2023-06-08T12:40:37.001Z", "user": 1, "content_type": 13, "object_id": "4", "object_repr": "stickers", "action_flag": 2, "change_message": "[{\"changed\": {\"fields\": [\"Image\"]}}]"}}, {"model": "admin.logentry", "pk": 99, "fields": {"action_time": "2023-06-08T12:42:47.839Z", "user": 1, "content_type": 13, "object_id": "3", "object_repr": "figurines", "action_flag": 2, "change_message": "[{\"changed\": {\"fields\": [\"Image\"]}}]"}}, {"model": "admin.logentry", "pk": 100, "fields": {"action_time": "2023-06-08T12:46:58.945Z", "user": 1, "content_type": 13, "object_id": "2", "object_repr": "keychains", "action_flag": 2, "change_message": "[{\"changed\": {\"fields\": [\"Image\"]}}]"}}, {"model": "admin.logentry", "pk": 101, "fields": {"action_time": "2023-06-08T12:50:24.018Z", "user": 1, "content_type": 13, "object_id": "2", "object_repr": "keychains", "action_flag": 2, "change_message": "[{\"changed\": {\"fields\": [\"Image\"]}}]"}}, {"model": "admin.logentry", "pk": 102, "fields": {"action_time": "2023-06-08T12:50:41.477Z", "user": 1, "content_type": 13, "object_id": "2", "object_repr": "keychains", "action_flag": 2, "change_message": "[{\"changed\": {\"fields\": [\"Image\"]}}]"}}, {"model": "admin.logentry", "pk": 103, "fields": {"action_time": "2023-06-08T12:57:08.989Z", "user": 1, "content_type": 14, "object_id": "21", "object_repr": "itachi sticker", "action_flag": 1, "change_message": "[{\"added\": {}}]"}}, {"model": "admin.logentry", "pk": 104, "fields": {"action_time": "2023-06-08T12:57:36.070Z", "user": 1, "content_type": 14, "object_id": "22", "object_repr": "luffy sticker", "action_flag": 1, "change_message": "[{\"added\": {}}]"}}, {"model": "admin.logentry", "pk": 105, "fields": {"action_time": "2023-06-08T12:58:03.537Z", "user": 1, "content_type": 14, "object_id": "23", "object_repr": "vegeta sticker", "action_flag": 1, "change_message": "[{\"added\": {}}]"}}, {"model": "admin.logentry", "pk": 106, "fields": {"action_time": "2023-06-08T13:00:13.908Z", "user": 1, "content_type": 14, "object_id": "24", "object_repr": "eren yeager figurine", "action_flag": 1, "change_message": "[{\"added\": {}}]"}}, {"model": "admin.logentry", "pk": 107, "fields": {"action_time": "2023-06-08T13:02:41.828Z", "user": 1, "content_type": 14, "object_id": "25", "object_repr": "saber figurine", "action_flag": 1, "change_message": "[{\"added\": {}}]"}}, {"model": "admin.logentry", "pk": 108, "fields": {"action_time": "2023-06-08T13:08:57.898Z", "user": 1, "content_type": 13, "object_id": "2", "object_repr": "keychains", "action_flag": 2, "change_message": "[{\"changed\": {\"fields\": [\"Image\"]}}]"}}, {"model": "admin.logentry", "pk": 109, "fields": {"action_time": "2023-06-08T13:12:57.254Z", "user": 1, "content_type": 14, "object_id": "15", "object_repr": "rem and ram acrylic stand", "action_flag": 3, "change_message": ""}}, {"model": "admin.logentry", "pk": 110, "fields": {"action_time": "2023-06-08T13:15:07.901Z", "user": 1, "content_type": 13, "object_id": "2", "object_repr": "keychains", "action_flag": 2, "change_message": "[{\"changed\": {\"fields\": [\"Image\"]}}]"}}, {"model": "admin.logentry", "pk": 111, "fields": {"action_time": "2023-06-08T13:18:45.548Z", "user": 1, "content_type": 14, "object_id": "25", "object_repr": "saber figurine", "action_flag": 2, "change_message": "[{\"changed\": {\"fields\": [\"Description\"]}}]"}}, {"model": "admin.logentry", "pk": 112, "fields": {"action_time": "2023-06-08T13:20:16.118Z", "user": 1, "content_type": 14, "object_id": "25", "object_repr": "saber figurine", "action_flag": 2, "change_message": "[{\"changed\": {\"fields\": [\"Description\"]}}]"}}, {"model": "admin.logentry", "pk": 113, "fields": {"action_time": "2023-06-08T13:22:06.437Z", "user": 1, "content_type": 14, "object_id": "24", "object_repr": "eren yeager figurine", "action_flag": 2, "change_message": "[{\"changed\": {\"fields\": [\"Description\"]}}]"}}, {"model": "admin.logentry", "pk": 114, "fields": {"action_time": "2023-06-08T13:22:15.005Z", "user": 1, "content_type": 14, "object_id": "23", "object_repr": "vegeta sticker", "action_flag": 2, "change_message": "[{\"changed\": {\"fields\": [\"Description\"]}}]"}}, {"model": "admin.logentry", "pk": 115, "fields": {"action_time": "2023-06-08T13:22:26.593Z", "user": 1, "content_type": 14, "object_id": "22", "object_repr": "luffy sticker", "action_flag": 2, "change_message": "[{\"changed\": {\"fields\": [\"Description\"]}}]"}}, {"model": "admin.logentry", "pk": 116, "fields": {"action_time": "2023-06-08T13:24:11.995Z", "user": 1, "content_type": 14, "object_id": "21", "object_repr": "itachi sticker", "action_flag": 2, "change_message": "[{\"changed\": {\"fields\": [\"Description\"]}}]"}}, {"model": "admin.logentry", "pk": 117, "fields": {"action_time": "2023-06-08T13:24:59.724Z", "user": 1, "content_type": 15, "object_id": "154", "object_repr": "default", "action_flag": 1, "change_message": "[{\"added\": {}}]"}}, {"model": "admin.logentry", "pk": 118, "fields": {"action_time": "2023-06-08T13:25:07.415Z", "user": 1, "content_type": 15, "object_id": "155", "object_repr": "default", "action_flag": 1, "change_message": "[{\"added\": {}}]"}}, {"model": "admin.logentry", "pk": 119, "fields": {"action_time": "2023-06-08T13:25:16.210Z", "user": 1, "content_type": 15, "object_id": "156", "object_repr": "default", "action_flag": 1, "change_message": "[{\"added\": {}}]"}}, {"model": "admin.logentry", "pk": 120, "fields": {"action_time": "2023-06-08T13:25:25.344Z", "user": 1, "content_type": 15, "object_id": "157", "object_repr": "15 cm", "action_flag": 1, "change_message": "[{\"added\": {}}]"}}, {"model": "admin.logentry", "pk": 121, "fields": {"action_time": "2023-06-08T13:25:37.154Z", "user": 1, "content_type": 15, "object_id": "158", "object_repr": "24 cm", "action_flag": 1, "change_message": "[{\"added\": {}}]"}}, {"model": "admin.logentry", "pk": 122, "fields": {"action_time": "2023-06-08T13:25:41.840Z", "user": 1, "content_type": 15, "object_id": "159", "object_repr": "15 cm", "action_flag": 1, "change_message": "[{\"added\": {}}]"}}, {"model": "admin.logentry", "pk": 123, "fields": {"action_time": "2023-06-08T13:25:46.922Z", "user": 1, "content_type": 15, "object_id": "160", "object_repr": "24 cm", "action_flag": 1, "change_message": "[{\"added\": {}}]"}}, {"model": "admin.logentry", "pk": 124, "fields": {"action_time": "2023-06-08T13:34:32.421Z", "user": 1, "content_type": 15, "object_id": "160", "object_repr": "18 cm", "action_flag": 2, "change_message": "[{\"changed\": {\"fields\": [\"Variation value\"]}}]"}}, {"model": "admin.logentry", "pk": 125, "fields": {"action_time": "2023-06-08T13:34:41.254Z", "user": 1, "content_type": 15, "object_id": "158", "object_repr": "18 cm", "action_flag": 2, "change_message": "[{\"changed\": {\"fields\": [\"Variation value\"]}}]"}}, {"model": "admin.logentry", "pk": 126, "fields": {"action_time": "2023-06-08T13:34:49.398Z", "user": 1, "content_type": 15, "object_id": "36", "object_repr": "18 cm", "action_flag": 2, "change_message": "[{\"changed\": {\"fields\": [\"Variation value\"]}}]"}}, {"model": "admin.logentry", "pk": 127, "fields": {"action_time": "2023-06-08T13:34:53.953Z", "user": 1, "content_type": 15, "object_id": "32", "object_repr": "18 cm", "action_flag": 2, "change_message": "[{\"changed\": {\"fields\": [\"Variation value\"]}}]"}}, {"model": "admin.logentry", "pk": 128, "fields": {"action_time": "2023-06-08T13:34:58.781Z", "user": 1, "content_type": 15, "object_id": "30", "object_repr": "18 cm", "action_flag": 2, "change_message": "[{\"changed\": {\"fields\": [\"Variation value\"]}}]"}}, {"model": "admin.logentry", "pk": 129, "fields": {"action_time": "2023-06-08T13:35:03.547Z", "user": 1, "content_type": 15, "object_id": "28", "object_repr": "18 cm", "action_flag": 2, "change_message": "[{\"changed\": {\"fields\": [\"Variation value\"]}}]"}}, {"model": "admin.logentry", "pk": 130, "fields": {"action_time": "2023-06-08T13:35:07.651Z", "user": 1, "content_type": 15, "object_id": "26", "object_repr": "18 cm", "action_flag": 2, "change_message": "[{\"changed\": {\"fields\": [\"Variation value\"]}}]"}}, {"model": "admin.logentry", "pk": 131, "fields": {"action_time": "2023-06-08T13:35:12.181Z", "user": 1, "content_type": 15, "object_id": "24", "object_repr": "18 cm", "action_flag": 2, "change_message": "[{\"changed\": {\"fields\": [\"Variation value\"]}}]"}}, {"model": "admin.logentry", "pk": 132, "fields": {"action_time": "2023-06-08T13:35:17.534Z", "user": 1, "content_type": 15, "object_id": "22", "object_repr": "18 cm", "action_flag": 2, "change_message": "[{\"changed\": {\"fields\": [\"Variation value\"]}}]"}}, {"model": "admin.logentry", "pk": 133, "fields": {"action_time": "2023-06-08T13:35:23.666Z", "user": 1, "content_type": 15, "object_id": "19", "object_repr": "18 cm", "action_flag": 2, "change_message": "[{\"changed\": {\"fields\": [\"Variation value\"]}}]"}}, {"model": "admin.logentry", "pk": 134, "fields": {"action_time": "2023-06-08T13:35:29.851Z", "user": 1, "content_type": 15, "object_id": "2", "object_repr": "18 cm", "action_flag": 2, "change_message": "[{\"changed\": {\"fields\": [\"Variation value\"]}}]"}}, {"model": "admin.logentry", "pk": 135, "fields": {"action_time": "2023-06-08T13:35:46.024Z", "user": 1, "content_type": 15, "object_id": "9", "object_repr": "18 x 18 cm", "action_flag": 2, "change_message": "[{\"changed\": {\"fields\": [\"Variation value\"]}}]"}}, {"model": "admin.logentry", "pk": 136, "fields": {"action_time": "2023-06-08T13:36:00.829Z", "user": 1, "content_type": 15, "object_id": "38", "object_repr": "15 x 15 cm", "action_flag": 2, "change_message": "[]"}}, {"model": "admin.logentry", "pk": 137, "fields": {"action_time": "2023-06-08T13:36:12.650Z", "user": 1, "content_type": 15, "object_id": "207", "object_repr": "18 x 18 cm", "action_flag": 1, "change_message": "[{\"added\": {}}]"}}, {"model": "admin.logentry", "pk": 138, "fields": {"action_time": "2023-06-08T13:36:18.490Z", "user": 1, "content_type": 15, "object_id": "208", "object_repr": "18 x 18 cm", "action_flag": 1, "change_message": "[{\"added\": {}}]"}}, {"model": "admin.logentry", "pk": 139, "fields": {"action_time": "2023-06-08T13:43:07.946Z", "user": 1, "content_type": 19, "object_id": "1", "object_repr": "dheer", "action_flag": 3, "change_message": ""}}, {"model": "admin.logentry", "pk": 140, "fields": {"action_time": "2023-06-08T13:46:29.603Z", "user": 1, "content_type": 14, "object_id": "20", "object_repr": "sailor moon sticker", "action_flag": 2, "change_message": "[{\"changed\": {\"fields\": [\"Image\"]}}]"}}, {"model": "admin.logentry", "pk": 141, "fields": {"action_time": "2023-06-08T13:47:43.434Z", "user": 1, "content_type": 15, "object_id": "21", "object_repr": "15 cm", "action_flag": 3, "change_message": ""}}, {"model": "admin.logentry", "pk": 142, "fields": {"action_time": "2023-06-08T13:52:34.230Z", "user": 1, "content_type": 15, "object_id": "255", "object_repr": "15 cm", "action_flag": 1, "change_message": "[{\"added\": {}}]"}}, {"model": "admin.logentry", "pk": 143, "fields": {"action_time": "2023-06-08T13:52:47.858Z", "user": 1, "content_type": 15, "object_id": "256", "object_repr": "18 cm", "action_flag": 1, "change_message": "[{\"added\": {}}]"}}, {"model": "admin.logentry", "pk": 144, "fields": {"action_time": "2023-06-08T15:02:31.744Z", "user": 1, "content_type": 22, "object_id": "37", "object_repr": "Explosively Enchanting", "action_flag": 2, "change_message": "[{\"changed\": {\"fields\": [\"Title\"]}}]"}}, {"model": "admin.logentry", "pk": 145, "fields": {"action_time": "2023-06-08T15:25:59.276Z", "user": 1, "content_type": 13, "object_id": "4", "object_repr": "stickers", "action_flag": 2, "change_message": "[{\"changed\": {\"fields\": [\"Image\"]}}]"}}, {"model": "admin.logentry", "pk": 146, "fields": {"action_time": "2023-06-08T15:26:36.991Z", "user": 1, "content_type": 13, "object_id": "4", "object_repr": "stickers", "action_flag": 2, "change_message": "[{\"changed\": {\"fields\": [\"Image\"]}}]"}}, {"model": "admin.logentry", "pk": 147, "fields": {"action_time": "2023-06-08T15:26:54.516Z", "user": 1, "content_type": 13, "object_id": "3", "object_repr": "figurines", "action_flag": 2, "change_message": "[{\"changed\": {\"fields\": [\"Image\"]}}]"}}, {"model": "admin.logentry", "pk": 148, "fields": {"action_time": "2023-06-08T15:27:08.280Z", "user": 1, "content_type": 13, "object_id": "2", "object_repr": "keychains", "action_flag": 2, "change_message": "[{\"changed\": {\"fields\": [\"Image\"]}}]"}}, {"model": "admin.logentry", "pk": 149, "fields": {"action_time": "2023-06-08T15:27:55.753Z", "user": 1, "content_type": 14, "object_id": "20", "object_repr": "sailor moon sticker", "action_flag": 2, "change_message": "[{\"changed\": {\"fields\": [\"Image\"]}}]"}}, {"model": "admin.logentry", "pk": 150, "fields": {"action_time": "2023-06-08T15:49:19.463Z", "user": 1, "content_type": 19, "object_id": "3", "object_repr": "viplove_jagdish", "action_flag": 3, "change_message": ""}}, {"model": "admin.logentry", "pk": 151, "fields": {"action_time": "2023-06-08T21:09:42.604Z", "user": 1, "content_type": 13, "object_id": "6", "object_repr": "acrylics", "action_flag": 2, "change_message": "[]"}}, {"model": "admin.logentry", "pk": 152, "fields": {"action_time": "2023-06-08T21:13:42.278Z", "user": 1, "content_type": 13, "object_id": "6", "object_repr": "acrylics", "action_flag": 2, "change_message": "[{\"changed\": {\"fields\": [\"Image\"]}}]"}}, {"model": "admin.logentry", "pk": 153, "fields": {"action_time": "2023-06-08T22:54:30.588Z", "user": 1, "content_type": 22, "object_id": "46", "object_repr": "Setting Sail with Style", "action_flag": 2, "change_message": "[{\"changed\": {\"fields\": [\"User picture\"]}}]"}}, {"model": "admin.logentry", "pk": 154, "fields": {"action_time": "2023-06-08T22:54:34.699Z", "user": 1, "content_type": 22, "object_id": "45", "object_repr": "Cute and Melodious Companion on the Go", "action_flag": 2, "change_message": "[{\"changed\": {\"fields\": [\"User picture\"]}}]"}}, {"model": "admin.logentry", "pk": 155, "fields": {"action_time": "2023-06-08T22:54:37.641Z", "user": 1, "content_type": 22, "object_id": "44", "object_repr": "A Ninja's Way Always at Hand", "action_flag": 2, "change_message": "[{\"changed\": {\"fields\": [\"User picture\"]}}]"}}, {"model": "admin.logentry", "pk": 156, "fields": {"action_time": "2023-06-08T22:54:43.402Z", "user": 1, "content_type": 22, "object_id": "25", "object_repr": "A Dynamic Tribute to Attack on Titan", "action_flag": 2, "change_message": "[{\"changed\": {\"fields\": [\"User picture\"]}}]"}}, {"model": "admin.logentry", "pk": 157, "fields": {"action_time": "2023-06-08T22:55:21.504Z", "user": 1, "content_type": 22, "object_id": "43", "object_repr": "A Captivating Tribute to the Soul Reaper", "action_flag": 2, "change_message": "[{\"changed\": {\"fields\": [\"User picture\"]}}]"}}, {"model": "admin.logentry", "pk": 158, "fields": {"action_time": "2023-06-08T22:55:26.933Z", "user": 1, "content_type": 22, "object_id": "42", "object_repr": "A Pocket-Sized Splash of Nostalgia", "action_flag": 2, "change_message": "[{\"changed\": {\"fields\": [\"User picture\"]}}]"}}, {"model": "admin.logentry", "pk": 159, "fields": {"action_time": "2023-06-08T22:57:15.082Z", "user": 1, "content_type": 22, "object_id": "41", "object_repr": "A Plushy Super Saiyan of Happiness", "action_flag": 2, "change_message": "[{\"changed\": {\"fields\": [\"User picture\"]}}]"}}, {"model": "admin.logentry", "pk": 160, "fields": {"action_time": "2023-06-08T22:57:21.527Z", "user": 1, "content_type": 22, "object_id": "40", "object_repr": "A Huggable Adventure with the Rubber-Boy", "action_flag": 2, "change_message": "[{\"changed\": {\"fields\": [\"User picture\"]}}]"}}, {"model": "admin.logentry", "pk": 161, "fields": {"action_time": "2023-06-08T22:57:25.755Z", "user": 1, "content_type": 22, "object_id": "39", "object_repr": "Sailing the Seas of Cuteness", "action_flag": 2, "change_message": "[{\"changed\": {\"fields\": [\"User picture\"]}}]"}}, {"model": "admin.logentry", "pk": 162, "fields": {"action_time": "2023-06-08T22:57:31.123Z", "user": 1, "content_type": 22, "object_id": "38", "object_repr": "A Soft and Comforting Companion", "action_flag": 2, "change_message": "[{\"changed\": {\"fields\": [\"User picture\"]}}]"}}, {"model": "admin.logentry", "pk": 163, "fields": {"action_time": "2023-06-08T22:57:35.223Z", "user": 1, "content_type": 22, "object_id": "34", "object_repr": "A Dynamic Showcase for the King of the Pirates", "action_flag": 2, "change_message": "[{\"changed\": {\"fields\": [\"User picture\"]}}]"}}, {"model": "admin.logentry", "pk": 164, "fields": {"action_time": "2023-06-08T22:57:38.981Z", "user": 1, "content_type": 22, "object_id": "31", "object_repr": "An Intriguing and Enchanting Artwork", "action_flag": 2, "change_message": "[{\"changed\": {\"fields\": [\"User picture\"]}}]"}}, {"model": "admin.logentry", "pk": 165, "fields": {"action_time": "2023-06-08T22:57:43.228Z", "user": 1, "content_type": 22, "object_id": "32", "object_repr": "A Fiery Tribute to the Hero of Konoha", "action_flag": 2, "change_message": "[{\"changed\": {\"fields\": [\"User picture\"]}}]"}}, {"model": "admin.logentry", "pk": 166, "fields": {"action_time": "2023-06-08T22:57:47.885Z", "user": 1, "content_type": 22, "object_id": "37", "object_repr": "Explosively Enchanting", "action_flag": 2, "change_message": "[{\"changed\": {\"fields\": [\"User picture\"]}}]"}}, {"model": "admin.logentry", "pk": 167, "fields": {"action_time": "2023-06-08T22:57:51.853Z", "user": 1, "content_type": 22, "object_id": "36", "object_repr": "A Legendary Saiyan Brought to Life", "action_flag": 2, "change_message": "[{\"changed\": {\"fields\": [\"User picture\"]}}]"}}, {"model": "admin.logentry", "pk": 168, "fields": {"action_time": "2023-06-08T22:57:56.120Z", "user": 1, "content_type": 22, "object_id": "35", "object_repr": "A Masterful Tribute to the Legendary Swordsman", "action_flag": 2, "change_message": "[{\"changed\": {\"fields\": [\"User picture\"]}}]"}}, {"model": "admin.logentry", "pk": 169, "fields": {"action_time": "2023-06-08T22:58:00.808Z", "user": 1, "content_type": 22, "object_id": "33", "object_repr": "A Stand that Demands Respec", "action_flag": 2, "change_message": "[{\"changed\": {\"fields\": [\"User picture\"]}}]"}}, {"model": "admin.logentry", "pk": 170, "fields": {"action_time": "2023-06-08T22:58:08.059Z", "user": 1, "content_type": 22, "object_id": "30", "object_repr": "A Captivating Rendition of Luffy", "action_flag": 2, "change_message": "[{\"changed\": {\"fields\": [\"User picture\"]}}]"}}, {"model": "admin.logentry", "pk": 171, "fields": {"action_time": "2023-06-08T22:58:12.823Z", "user": 1, "content_type": 22, "object_id": "29", "object_repr": "A Nostalgic and Whimsical Delight", "action_flag": 2, "change_message": "[{\"changed\": {\"fields\": [\"User picture\"]}}]"}}, {"model": "admin.logentry", "pk": 172, "fields": {"action_time": "2023-06-08T22:58:17.516Z", "user": 1, "content_type": 22, "object_id": "28", "object_repr": "A Mystical Tribute to Naruto", "action_flag": 2, "change_message": "[{\"changed\": {\"fields\": [\"User picture\"]}}]"}}, {"model": "admin.logentry", "pk": 173, "fields": {"action_time": "2023-06-08T22:58:21.798Z", "user": 1, "content_type": 22, "object_id": "27", "object_repr": "Bringing the Spirit of One Piece Everywhere I Go", "action_flag": 2, "change_message": "[{\"changed\": {\"fields\": [\"User picture\"]}}]"}}, {"model": "admin.logentry", "pk": 174, "fields": {"action_time": "2023-06-08T22:58:26.348Z", "user": 1, "content_type": 22, "object_id": "26", "object_repr": "A Powerful Addition to My Dragon Ball Collection", "action_flag": 2, "change_message": "[{\"changed\": {\"fields\": [\"User picture\"]}}]"}}, {"model": "admin.logentry", "pk": 175, "fields": {"action_time": "2023-06-08T22:58:30.904Z", "user": 1, "content_type": 22, "object_id": "24", "object_repr": "An Exquisite Collectible for Fate/stay night Fans", "action_flag": 2, "change_message": "[{\"changed\": {\"fields\": [\"User picture\"]}}]"}}, {"model": "admin.logentry", "pk": 176, "fields": {"action_time": "2023-06-08T23:01:01.540Z", "user": 1, "content_type": 22, "object_id": "23", "object_repr": "Sailing the Seas with Nami", "action_flag": 2, "change_message": "[{\"changed\": {\"fields\": [\"User picture\"]}}]"}}, {"model": "admin.logentry", "pk": 177, "fields": {"action_time": "2023-06-08T23:01:04.565Z", "user": 1, "content_type": 22, "object_id": "22", "object_repr": "Adorable and Melodious Companion", "action_flag": 2, "change_message": "[{\"changed\": {\"fields\": [\"User picture\"]}}]"}}, {"model": "admin.logentry", "pk": 178, "fields": {"action_time": "2023-06-08T23:01:07.928Z", "user": 1, "content_type": 22, "object_id": "21", "object_repr": "Carry Naruto's Spirit Everywhere", "action_flag": 2, "change_message": "[{\"changed\": {\"fields\": [\"User picture\"]}}]"}}, {"model": "admin.logentry", "pk": 179, "fields": {"action_time": "2023-06-08T23:01:10.861Z", "user": 1, "content_type": 22, "object_id": "20", "object_repr": "A Striking Tribute to Ichigo", "action_flag": 2, "change_message": "[{\"changed\": {\"fields\": [\"User picture\"]}}]"}}, {"model": "admin.logentry", "pk": 180, "fields": {"action_time": "2023-06-08T23:01:13.639Z", "user": 1, "content_type": 22, "object_id": "18", "object_repr": "A Plushy Filled with Goku's Warmth", "action_flag": 2, "change_message": "[{\"changed\": {\"fields\": [\"User picture\"]}}]"}}, {"model": "admin.logentry", "pk": 181, "fields": {"action_time": "2023-06-08T23:01:16.411Z", "user": 1, "content_type": 22, "object_id": "17", "object_repr": "A Plushy Full of Luffy's Infectious Joy", "action_flag": 2, "change_message": "[{\"changed\": {\"fields\": [\"User picture\"]}}]"}}, {"model": "admin.logentry", "pk": 182, "fields": {"action_time": "2023-06-08T23:01:18.821Z", "user": 1, "content_type": 22, "object_id": "15", "object_repr": "Cuddly Comfort with Rem", "action_flag": 2, "change_message": "[{\"changed\": {\"fields\": [\"User picture\"]}}]"}}, {"model": "admin.logentry", "pk": 183, "fields": {"action_time": "2023-06-08T23:01:22.657Z", "user": 1, "content_type": 22, "object_id": "19", "object_repr": "Adorable Squirtle on the Go", "action_flag": 2, "change_message": "[{\"changed\": {\"fields\": [\"User picture\"]}}]"}}, {"model": "admin.logentry", "pk": 184, "fields": {"action_time": "2023-06-08T23:01:28.301Z", "user": 1, "content_type": 22, "object_id": "16", "object_repr": "Sail the Seas with Nami's Charm", "action_flag": 2, "change_message": "[{\"changed\": {\"fields\": [\"User picture\"]}}]"}}, {"model": "admin.logentry", "pk": 185, "fields": {"action_time": "2023-06-08T23:02:48.278Z", "user": 1, "content_type": 22, "object_id": "14", "object_repr": "Explosively Delightful", "action_flag": 2, "change_message": "[{\"changed\": {\"fields\": [\"User picture\"]}}]"}}, {"model": "admin.logentry", "pk": 186, "fields": {"action_time": "2023-06-08T23:02:52.773Z", "user": 1, "content_type": 22, "object_id": "12", "object_repr": "A Must-Have for Zoro Fans", "action_flag": 2, "change_message": "[{\"changed\": {\"fields\": [\"User picture\"]}}]"}}, {"model": "admin.logentry", "pk": 187, "fields": {"action_time": "2023-06-08T23:02:55.653Z", "user": 1, "content_type": 22, "object_id": "8", "object_repr": "Enchanting and Captivating", "action_flag": 2, "change_message": "[{\"changed\": {\"fields\": [\"User picture\"]}}]"}}, {"model": "admin.logentry", "pk": 188, "fields": {"action_time": "2023-06-08T23:02:58.739Z", "user": 1, "content_type": 22, "object_id": "7", "object_repr": "A Dynamic and Striking Artwork", "action_flag": 2, "change_message": "[{\"changed\": {\"fields\": [\"User picture\"]}}]"}}, {"model": "admin.logentry", "pk": 189, "fields": {"action_time": "2023-06-08T23:03:02.860Z", "user": 1, "content_type": 22, "object_id": "5", "object_repr": "Captivating and Mysterious", "action_flag": 2, "change_message": "[{\"changed\": {\"fields\": [\"User picture\"]}}]"}}, {"model": "admin.logentry", "pk": 190, "fields": {"action_time": "2023-06-08T23:03:07.078Z", "user": 1, "content_type": 22, "object_id": "3", "object_repr": "Vegeta's Power Packed in a Sticker", "action_flag": 2, "change_message": "[{\"changed\": {\"fields\": [\"User picture\"]}}]"}}, {"model": "admin.logentry", "pk": 191, "fields": {"action_time": "2023-06-08T23:03:10.930Z", "user": 1, "content_type": 22, "object_id": "4", "object_repr": "Luffy's Joyful Spirit in a Sticker", "action_flag": 2, "change_message": "[{\"changed\": {\"fields\": [\"User picture\"]}}]"}}, {"model": "admin.logentry", "pk": 192, "fields": {"action_time": "2023-06-08T23:03:14.750Z", "user": 1, "content_type": 22, "object_id": "1", "object_repr": "Exquisite Craftsmanship and Stunning Detail", "action_flag": 2, "change_message": "[{\"changed\": {\"fields\": [\"User picture\"]}}]"}}, {"model": "admin.logentry", "pk": 193, "fields": {"action_time": "2023-06-08T23:03:18.393Z", "user": 1, "content_type": 22, "object_id": "11", "object_repr": "A Stand that Embodies Luffy's Spirited Nature", "action_flag": 2, "change_message": "[{\"changed\": {\"fields\": [\"User picture\"]}}]"}}, {"model": "admin.logentry", "pk": 194, "fields": {"action_time": "2023-06-08T23:03:21.993Z", "user": 1, "content_type": 22, "object_id": "13", "object_repr": "A Majestic Tribute to Goku", "action_flag": 2, "change_message": "[{\"changed\": {\"fields\": [\"User picture\"]}}]"}}, {"model": "admin.logentry", "pk": 195, "fields": {"action_time": "2023-06-08T23:03:26.060Z", "user": 1, "content_type": 22, "object_id": "10", "object_repr": "Stylish Display for Vegeta Fans", "action_flag": 2, "change_message": "[{\"changed\": {\"fields\": [\"User picture\"]}}]"}}, {"model": "admin.logentry", "pk": 196, "fields": {"action_time": "2023-06-08T23:03:30.116Z", "user": 1, "content_type": 22, "object_id": "9", "object_repr": "Dynamic and Energetic", "action_flag": 2, "change_message": "[{\"changed\": {\"fields\": [\"User picture\"]}}]"}}, {"model": "admin.logentry", "pk": 197, "fields": {"action_time": "2023-06-08T23:03:34.221Z", "user": 1, "content_type": 22, "object_id": "6", "object_repr": "Nostalgic and Adorable", "action_flag": 2, "change_message": "[{\"changed\": {\"fields\": [\"User picture\"]}}]"}}, {"model": "admin.logentry", "pk": 198, "fields": {"action_time": "2023-06-09T08:58:10.528Z", "user": 1, "content_type": 14, "object_id": "9", "object_repr": "rem plushy", "action_flag": 3, "change_message": ""}}, {"model": "admin.logentry", "pk": 199, "fields": {"action_time": "2023-06-09T13:11:17.838Z", "user": 1, "content_type": 14, "object_id": "22", "object_repr": "luffy sticker", "action_flag": 3, "change_message": ""}}, {"model": "admin.logentry", "pk": 200, "fields": {"action_time": "2023-06-09T13:11:32.756Z", "user": 1, "content_type": 14, "object_id": "25", "object_repr": "saber figurine", "action_flag": 3, "change_message": ""}}, {"model": "admin.logentry", "pk": 201, "fields": {"action_time": "2023-06-09T13:12:06.554Z", "user": 1, "content_type": 14, "object_id": "12", "object_repr": "zoro figurine", "action_flag": 3, "change_message": ""}}, {"model": "admin.logentry", "pk": 202, "fields": {"action_time": "2023-06-09T13:13:00.600Z", "user": 1, "content_type": 14, "object_id": "11", "object_repr": "goku figurine", "action_flag": 3, "change_message": ""}}, {"model": "admin.logentry", "pk": 203, "fields": {"action_time": "2023-06-09T13:14:05.406Z", "user": 1, "content_type": 14, "object_id": "8", "object_repr": "nami plushy", "action_flag": 3, "change_message": ""}}, {"model": "admin.logentry", "pk": 204, "fields": {"action_time": "2023-06-09T13:14:05.458Z", "user": 1, "content_type": 14, "object_id": "7", "object_repr": "luffy plushy", "action_flag": 3, "change_message": ""}}, {"model": "admin.logentry", "pk": 205, "fields": {"action_time": "2023-06-09T13:14:21.119Z", "user": 1, "content_type": 14, "object_id": "6", "object_repr": "goku plushy", "action_flag": 3, "change_message": ""}}, {"model": "admin.logentry", "pk": 206, "fields": {"action_time": "2023-06-09T13:14:40.017Z", "user": 1, "content_type": 14, "object_id": "2", "object_repr": "jigglypuff keychain", "action_flag": 3, "change_message": ""}}, {"model": "admin.logentry", "pk": 207, "fields": {"action_time": "2023-06-09T14:24:43.717Z", "user": 1, "content_type": 14, "object_id": "20", "object_repr": "sailor moon sticker", "action_flag": 2, "change_message": "[{\"changed\": {\"fields\": [\"Avg rating\"]}}]"}}, {"model": "admin.logentry", "pk": 208, "fields": {"action_time": "2023-06-09T14:24:43.822Z", "user": 1, "content_type": 14, "object_id": "5", "object_repr": "squirtle keychain", "action_flag": 2, "change_message": "[{\"changed\": {\"fields\": [\"Avg rating\"]}}]"}}, {"model": "admin.logentry", "pk": 209, "fields": {"action_time": "2023-06-09T14:24:43.927Z", "user": 1, "content_type": 14, "object_id": "3", "object_repr": "naruto keychain", "action_flag": 2, "change_message": "[{\"changed\": {\"fields\": [\"Avg rating\"]}}]"}}, {"model": "admin.logentry", "pk": 210, "fields": {"action_time": "2023-06-09T14:24:44.115Z", "user": 1, "content_type": 14, "object_id": "24", "object_repr": "eren yeager figurine", "action_flag": 2, "change_message": "[{\"changed\": {\"fields\": [\"Avg rating\"]}}]"}}, {"model": "admin.logentry", "pk": 211, "fields": {"action_time": "2023-06-09T14:24:44.319Z", "user": 1, "content_type": 14, "object_id": "10", "object_repr": "megumin figurine", "action_flag": 2, "change_message": "[{\"changed\": {\"fields\": [\"Avg rating\"]}}]"}}, {"model": "admin.logentry", "pk": 212, "fields": {"action_time": "2023-06-09T14:24:44.536Z", "user": 1, "content_type": 14, "object_id": "13", "object_repr": "luffy acrylic stand", "action_flag": 2, "change_message": "[{\"changed\": {\"fields\": [\"Avg rating\"]}}]"}}, {"model": "admin.logentry", "pk": 213, "fields": {"action_time": "2023-06-09T14:24:44.704Z", "user": 1, "content_type": 14, "object_id": "17", "object_repr": "blazing naruto", "action_flag": 2, "change_message": "[{\"changed\": {\"fields\": [\"Avg rating\"]}}]"}}, {"model": "admin.logentry", "pk": 214, "fields": {"action_time": "2023-06-09T14:24:44.924Z", "user": 1, "content_type": 14, "object_id": "19", "object_repr": "red luffy", "action_flag": 2, "change_message": "[{\"changed\": {\"fields\": [\"Avg rating\"]}}]"}}, {"model": "admin.logentry", "pk": 215, "fields": {"action_time": "2023-06-09T14:24:45.128Z", "user": 1, "content_type": 14, "object_id": "21", "object_repr": "itachi sticker", "action_flag": 2, "change_message": "[{\"changed\": {\"fields\": [\"Avg rating\"]}}]"}}, {"model": "admin.logentry", "pk": 216, "fields": {"action_time": "2023-06-09T14:24:45.335Z", "user": 1, "content_type": 14, "object_id": "1", "object_repr": "nami keychain", "action_flag": 2, "change_message": "[{\"changed\": {\"fields\": [\"Avg rating\"]}}]"}}, {"model": "admin.logentry", "pk": 217, "fields": {"action_time": "2023-06-09T14:24:45.537Z", "user": 1, "content_type": 14, "object_id": "4", "object_repr": "ichigo acrylic stand", "action_flag": 2, "change_message": "[{\"changed\": {\"fields\": [\"Avg rating\"]}}]"}}, {"model": "admin.logentry", "pk": 218, "fields": {"action_time": "2023-06-09T14:24:45.655Z", "user": 1, "content_type": 14, "object_id": "16", "object_repr": "vegeta acrylic stand", "action_flag": 2, "change_message": "[{\"changed\": {\"fields\": [\"Avg rating\"]}}]"}}, {"model": "admin.logentry", "pk": 219, "fields": {"action_time": "2023-06-09T14:24:45.767Z", "user": 1, "content_type": 14, "object_id": "23", "object_repr": "vegeta sticker", "action_flag": 2, "change_message": "[{\"changed\": {\"fields\": [\"Avg rating\"]}}]"}}, {"model": "admin.logentry", "pk": 220, "fields": {"action_time": "2023-06-09T14:24:45.870Z", "user": 1, "content_type": 14, "object_id": "18", "object_repr": "ghost girl", "action_flag": 2, "change_message": "[{\"changed\": {\"fields\": [\"Avg rating\"]}}]"}}, {"model": "admin.logentry", "pk": 221, "fields": {"action_time": "2023-06-09T15:02:08.123Z", "user": 1, "content_type": 22, "object_id": "8", "object_repr": "Enchanting and Captivating", "action_flag": 3, "change_message": ""}}, {"model": "admin.logentry", "pk": 222, "fields": {"action_time": "2023-06-09T15:10:13.867Z", "user": 1, "content_type": 22, "object_id": "48", "object_repr": "", "action_flag": 2, "change_message": "[{\"changed\": {\"fields\": [\"Rating\"]}}]"}}, {"model": "admin.logentry", "pk": 223, "fields": {"action_time": "2023-06-09T15:11:14.917Z", "user": 1, "content_type": 14, "object_id": "18", "object_repr": "ghost girl", "action_flag": 2, "change_message": "[{\"changed\": {\"fields\": [\"Avg rating\"]}}]"}}, {"model": "admin.logentry", "pk": 224, "fields": {"action_time": "2023-06-09T15:11:25.012Z", "user": 1, "content_type": 22, "object_id": "48", "object_repr": "", "action_flag": 3, "change_message": ""}}, {"model": "admin.logentry", "pk": 225, "fields": {"action_time": "2023-06-09T15:11:25.072Z", "user": 1, "content_type": 22, "object_id": "31", "object_repr": "An Intriguing and Enchanting Artwork", "action_flag": 3, "change_message": ""}}, {"model": "admin.logentry", "pk": 226, "fields": {"action_time": "2023-06-09T15:31:42.457Z", "user": 1, "content_type": 14, "object_id": "20", "object_repr": "sailor moon sticker", "action_flag": 2, "change_message": "[{\"changed\": {\"fields\": [\"Avg rating\"]}}]"}}, {"model": "admin.logentry", "pk": 227, "fields": {"action_time": "2023-06-10T12:44:01.550Z", "user": 1, "content_type": 14, "object_id": "25", "object_repr": "naruto plushy", "action_flag": 1, "change_message": "[{\"added\": {}}]"}}, {"model": "admin.logentry", "pk": 228, "fields": {"action_time": "2023-06-10T12:44:22.470Z", "user": 1, "content_type": 14, "object_id": "26", "object_repr": "zoro-plushy", "action_flag": 1, "change_message": "[{\"added\": {}}]"}}, {"model": "admin.logentry", "pk": 229, "fields": {"action_time": "2023-06-10T12:46:28.635Z", "user": 1, "content_type": 14, "object_id": "25", "object_repr": "naruto plushy", "action_flag": 2, "change_message": "[{\"changed\": {\"fields\": [\"Description\"]}}]"}}, {"model": "admin.logentry", "pk": 230, "fields": {"action_time": "2023-06-10T12:46:42.221Z", "user": 1, "content_type": 14, "object_id": "26", "object_repr": "zoro-plushy", "action_flag": 2, "change_message": "[{\"changed\": {\"fields\": [\"Description\"]}}]"}}, {"model": "admin.logentry", "pk": 231, "fields": {"action_time": "2023-06-10T12:51:56.208Z", "user": 1, "content_type": 14, "object_id": "27", "object_repr": "aqua plushy", "action_flag": 1, "change_message": "[{\"added\": {}}]"}}, {"model": "admin.logentry", "pk": 232, "fields": {"action_time": "2023-06-10T12:54:40.123Z", "user": 1, "content_type": 14, "object_id": "1", "object_repr": "nami keychain", "action_flag": 2, "change_message": "[{\"changed\": {\"fields\": [\"Avg rating\"]}}]"}}, {"model": "admin.logentry", "pk": 233, "fields": {"action_time": "2023-06-10T12:55:49.101Z", "user": 1, "content_type": 14, "object_id": "3", "object_repr": "naruto keychain", "action_flag": 2, "change_message": "[{\"changed\": {\"fields\": [\"Avg rating\"]}}]"}}, {"model": "admin.logentry", "pk": 234, "fields": {"action_time": "2023-06-10T12:55:49.234Z", "user": 1, "content_type": 14, "object_id": "4", "object_repr": "ichigo acrylic stand", "action_flag": 2, "change_message": "[{\"changed\": {\"fields\": [\"Avg rating\"]}}]"}}, {"model": "admin.logentry", "pk": 235, "fields": {"action_time": "2023-06-10T12:58:05.441Z", "user": 1, "content_type": 14, "object_id": "5", "object_repr": "squirtle keychain", "action_flag": 2, "change_message": "[{\"changed\": {\"fields\": [\"Avg rating\"]}}]"}}, {"model": "admin.logentry", "pk": 236, "fields": {"action_time": "2023-06-10T12:58:05.569Z", "user": 1, "content_type": 14, "object_id": "24", "object_repr": "eren yeager figurine", "action_flag": 2, "change_message": "[{\"changed\": {\"fields\": [\"Avg rating\"]}}]"}}, {"model": "admin.logentry", "pk": 237, "fields": {"action_time": "2023-06-10T12:58:05.697Z", "user": 1, "content_type": 14, "object_id": "10", "object_repr": "megumin figurine", "action_flag": 2, "change_message": "[{\"changed\": {\"fields\": [\"Avg rating\"]}}]"}}, {"model": "admin.logentry", "pk": 238, "fields": {"action_time": "2023-06-10T12:58:05.823Z", "user": 1, "content_type": 14, "object_id": "23", "object_repr": "vegeta sticker", "action_flag": 2, "change_message": "[{\"changed\": {\"fields\": [\"Avg rating\"]}}]"}}, {"model": "admin.logentry", "pk": 239, "fields": {"action_time": "2023-06-10T12:58:05.950Z", "user": 1, "content_type": 14, "object_id": "21", "object_repr": "itachi sticker", "action_flag": 2, "change_message": "[{\"changed\": {\"fields\": [\"Avg rating\"]}}]"}}, {"model": "admin.logentry", "pk": 240, "fields": {"action_time": "2023-06-10T12:58:06.078Z", "user": 1, "content_type": 14, "object_id": "19", "object_repr": "red luffy", "action_flag": 2, "change_message": "[{\"changed\": {\"fields\": [\"Avg rating\"]}}]"}}, {"model": "admin.logentry", "pk": 241, "fields": {"action_time": "2023-06-10T12:58:06.205Z", "user": 1, "content_type": 14, "object_id": "16", "object_repr": "vegeta acrylic stand", "action_flag": 2, "change_message": "[{\"changed\": {\"fields\": [\"Avg rating\"]}}]"}}, {"model": "admin.logentry", "pk": 242, "fields": {"action_time": "2023-06-10T12:58:06.331Z", "user": 1, "content_type": 14, "object_id": "13", "object_repr": "luffy acrylic stand", "action_flag": 2, "change_message": "[{\"changed\": {\"fields\": [\"Avg rating\"]}}]"}}, {"model": "admin.logentry", "pk": 243, "fields": {"action_time": "2023-06-10T12:58:53.610Z", "user": 1, "content_type": 14, "object_id": "17", "object_repr": "blazing naruto", "action_flag": 2, "change_message": "[{\"changed\": {\"fields\": [\"Avg rating\"]}}]"}}, {"model": "admin.logentry", "pk": 244, "fields": {"action_time": "2023-06-10T13:01:15.419Z", "user": 1, "content_type": 14, "object_id": "27", "object_repr": "aqua plushy", "action_flag": 3, "change_message": ""}}, {"model": "admin.logentry", "pk": 245, "fields": {"action_time": "2023-06-10T13:02:53.363Z", "user": 1, "content_type": 14, "object_id": "28", "object_repr": "sailor-moon-plushy", "action_flag": 1, "change_message": "[{\"added\": {}}]"}}, {"model": "admin.logentry", "pk": 246, "fields": {"action_time": "2023-06-10T13:05:27.348Z", "user": 1, "content_type": 14, "object_id": "29", "object_repr": "chopper-plushy", "action_flag": 1, "change_message": "[{\"added\": {}}]"}}, {"model": "admin.logentry", "pk": 247, "fields": {"action_time": "2023-06-10T13:13:24.718Z", "user": 1, "content_type": 14, "object_id": "29", "object_repr": "chopper-plushy", "action_flag": 2, "change_message": "[{\"changed\": {\"fields\": [\"Price\"]}}]"}}, {"model": "admin.logentry", "pk": 248, "fields": {"action_time": "2023-06-10T13:13:24.845Z", "user": 1, "content_type": 14, "object_id": "28", "object_repr": "sailor-moon-plushy", "action_flag": 2, "change_message": "[{\"changed\": {\"fields\": [\"Price\"]}}]"}}, {"model": "admin.logentry", "pk": 249, "fields": {"action_time": "2023-06-10T13:13:24.969Z", "user": 1, "content_type": 14, "object_id": "26", "object_repr": "zoro-plushy", "action_flag": 2, "change_message": "[{\"changed\": {\"fields\": [\"Price\"]}}]"}}, {"model": "admin.logentry", "pk": 250, "fields": {"action_time": "2023-06-10T14:39:18.483Z", "user": 1, "content_type": 15, "object_id": "293", "object_repr": "15 cm", "action_flag": 1, "change_message": "[{\"added\": {}}]"}}, {"model": "admin.logentry", "pk": 251, "fields": {"action_time": "2023-06-10T14:39:26.391Z", "user": 1, "content_type": 15, "object_id": "294", "object_repr": "18 cm", "action_flag": 1, "change_message": "[{\"added\": {}}]"}}, {"model": "admin.logentry", "pk": 252, "fields": {"action_time": "2023-06-10T14:39:38.031Z", "user": 1, "content_type": 15, "object_id": "295", "object_repr": "15 cm", "action_flag": 1, "change_message": "[{\"added\": {}}]"}}, {"model": "admin.logentry", "pk": 253, "fields": {"action_time": "2023-06-10T14:39:45.139Z", "user": 1, "content_type": 15, "object_id": "296", "object_repr": "18 cm", "action_flag": 1, "change_message": "[{\"added\": {}}]"}}, {"model": "admin.logentry", "pk": 254, "fields": {"action_time": "2023-06-10T14:39:52.907Z", "user": 1, "content_type": 15, "object_id": "297", "object_repr": "15 cm", "action_flag": 1, "change_message": "[{\"added\": {}}]"}}, {"model": "admin.logentry", "pk": 255, "fields": {"action_time": "2023-06-10T14:39:59.100Z", "user": 1, "content_type": 15, "object_id": "298", "object_repr": "18 cm", "action_flag": 1, "change_message": "[{\"added\": {}}]"}}, {"model": "admin.logentry", "pk": 256, "fields": {"action_time": "2023-06-10T14:40:06.777Z", "user": 1, "content_type": 15, "object_id": "299", "object_repr": "15 cm", "action_flag": 1, "change_message": "[{\"added\": {}}]"}}, {"model": "admin.logentry", "pk": 257, "fields": {"action_time": "2023-06-10T14:40:15.221Z", "user": 1, "content_type": 15, "object_id": "300", "object_repr": "18 cm", "action_flag": 1, "change_message": "[{\"added\": {}}]"}}, {"model": "admin.logentry", "pk": 258, "fields": {"action_time": "2023-06-10T14:52:24.181Z", "user": 1, "content_type": 14, "object_id": "29", "object_repr": "chopper plushy", "action_flag": 2, "change_message": "[{\"changed\": {\"fields\": [\"Name\"]}}]"}}, {"model": "admin.logentry", "pk": 259, "fields": {"action_time": "2023-06-10T14:52:35.537Z", "user": 1, "content_type": 14, "object_id": "28", "object_repr": "sailor moon plushy", "action_flag": 2, "change_message": "[{\"changed\": {\"fields\": [\"Name\"]}}]"}}, {"model": "admin.logentry", "pk": 260, "fields": {"action_time": "2023-06-10T14:52:46.972Z", "user": 1, "content_type": 14, "object_id": "26", "object_repr": "zoro plushy", "action_flag": 2, "change_message": "[{\"changed\": {\"fields\": [\"Name\"]}}]"}}, {"model": "auth.permission", "pk": 1, "fields": {"name": "Can add log entry", "content_type": 1, "codename": "add_logentry"}}, {"model": "auth.permission", "pk": 2, "fields": {"name": "Can change log entry", "content_type": 1, "codename": "change_logentry"}}, {"model": "auth.permission", "pk": 3, "fields": {"name": "Can delete log entry", "content_type": 1, "codename": "delete_logentry"}}, {"model": "auth.permission", "pk": 4, "fields": {"name": "Can view log entry", "content_type": 1, "codename": "view_logentry"}}, {"model": "auth.permission", "pk": 5, "fields": {"name": "Can add permission", "content_type": 2, "codename": "add_permission"}}, {"model": "auth.permission", "pk": 6, "fields": {"name": "Can change permission", "content_type": 2, "codename": "change_permission"}}, {"model": "auth.permission", "pk": 7, "fields": {"name": "Can delete permission", "content_type": 2, "codename": "delete_permission"}}, {"model": "auth.permission", "pk": 8, "fields": {"name": "Can view permission", "content_type": 2, "codename": "view_permission"}}, {"model": "auth.permission", "pk": 9, "fields": {"name": "Can add group", "content_type": 3, "codename": "add_group"}}, {"model": "auth.permission", "pk": 10, "fields": {"name": "Can change group", "content_type": 3, "codename": "change_group"}}, {"model": "auth.permission", "pk": 11, "fields": {"name": "Can delete group", "content_type": 3, "codename": "delete_group"}}, {"model": "auth.permission", "pk": 12, "fields": {"name": "Can view group", "content_type": 3, "codename": "view_group"}}, {"model": "auth.permission", "pk": 13, "fields": {"name": "Can add user", "content_type": 4, "codename": "add_user"}}, {"model": "auth.permission", "pk": 14, "fields": {"name": "Can change user", "content_type": 4, "codename": "change_user"}}, {"model": "auth.permission", "pk": 15, "fields": {"name": "Can delete user", "content_type": 4, "codename": "delete_user"}}, {"model": "auth.permission", "pk": 16, "fields": {"name": "Can view user", "content_type": 4, "codename": "view_user"}}, {"model": "auth.permission", "pk": 17, "fields": {"name": "Can add content type", "content_type": 5, "codename": "add_contenttype"}}, {"model": "auth.permission", "pk": 18, "fields": {"name": "Can change content type", "content_type": 5, "codename": "change_contenttype"}}, {"model": "auth.permission", "pk": 19, "fields": {"name": "Can delete content type", "content_type": 5, "codename": "delete_contenttype"}}, {"model": "auth.permission", "pk": 20, "fields": {"name": "Can view content type", "content_type": 5, "codename": "view_contenttype"}}, {"model": "auth.permission", "pk": 21, "fields": {"name": "Can add session", "content_type": 6, "codename": "add_session"}}, {"model": "auth.permission", "pk": 22, "fields": {"name": "Can change session", "content_type": 6, "codename": "change_session"}}, {"model": "auth.permission", "pk": 23, "fields": {"name": "Can delete session", "content_type": 6, "codename": "delete_session"}}, {"model": "auth.permission", "pk": 24, "fields": {"name": "Can view session", "content_type": 6, "codename": "view_session"}}, {"model": "auth.permission", "pk": 25, "fields": {"name": "Can add site", "content_type": 7, "codename": "add_site"}}, {"model": "auth.permission", "pk": 26, "fields": {"name": "Can change site", "content_type": 7, "codename": "change_site"}}, {"model": "auth.permission", "pk": 27, "fields": {"name": "Can delete site", "content_type": 7, "codename": "delete_site"}}, {"model": "auth.permission", "pk": 28, "fields": {"name": "Can view site", "content_type": 7, "codename": "view_site"}}, {"model": "auth.permission", "pk": 29, "fields": {"name": "Can add email address", "content_type": 8, "codename": "add_emailaddress"}}, {"model": "auth.permission", "pk": 30, "fields": {"name": "Can change email address", "content_type": 8, "codename": "change_emailaddress"}}, {"model": "auth.permission", "pk": 31, "fields": {"name": "Can delete email address", "content_type": 8, "codename": "delete_emailaddress"}}, {"model": "auth.permission", "pk": 32, "fields": {"name": "Can view email address", "content_type": 8, "codename": "view_emailaddress"}}, {"model": "auth.permission", "pk": 33, "fields": {"name": "Can add email confirmation", "content_type": 9, "codename": "add_emailconfirmation"}}, {"model": "auth.permission", "pk": 34, "fields": {"name": "Can change email confirmation", "content_type": 9, "codename": "change_emailconfirmation"}}, {"model": "auth.permission", "pk": 35, "fields": {"name": "Can delete email confirmation", "content_type": 9, "codename": "delete_emailconfirmation"}}, {"model": "auth.permission", "pk": 36, "fields": {"name": "Can view email confirmation", "content_type": 9, "codename": "view_emailconfirmation"}}, {"model": "auth.permission", "pk": 37, "fields": {"name": "Can add social account", "content_type": 10, "codename": "add_socialaccount"}}, {"model": "auth.permission", "pk": 38, "fields": {"name": "Can change social account", "content_type": 10, "codename": "change_socialaccount"}}, {"model": "auth.permission", "pk": 39, "fields": {"name": "Can delete social account", "content_type": 10, "codename": "delete_socialaccount"}}, {"model": "auth.permission", "pk": 40, "fields": {"name": "Can view social account", "content_type": 10, "codename": "view_socialaccount"}}, {"model": "auth.permission", "pk": 41, "fields": {"name": "Can add social application", "content_type": 11, "codename": "add_socialapp"}}, {"model": "auth.permission", "pk": 42, "fields": {"name": "Can change social application", "content_type": 11, "codename": "change_socialapp"}}, {"model": "auth.permission", "pk": 43, "fields": {"name": "Can delete social application", "content_type": 11, "codename": "delete_socialapp"}}, {"model": "auth.permission", "pk": 44, "fields": {"name": "Can view social application", "content_type": 11, "codename": "view_socialapp"}}, {"model": "auth.permission", "pk": 45, "fields": {"name": "Can add social application token", "content_type": 12, "codename": "add_socialtoken"}}, {"model": "auth.permission", "pk": 46, "fields": {"name": "Can change social application token", "content_type": 12, "codename": "change_socialtoken"}}, {"model": "auth.permission", "pk": 47, "fields": {"name": "Can delete social application token", "content_type": 12, "codename": "delete_socialtoken"}}, {"model": "auth.permission", "pk": 48, "fields": {"name": "Can view social application token", "content_type": 12, "codename": "view_socialtoken"}}, {"model": "auth.permission", "pk": 49, "fields": {"name": "Can add category", "content_type": 13, "codename": "add_category"}}, {"model": "auth.permission", "pk": 50, "fields": {"name": "Can change category", "content_type": 13, "codename": "change_category"}}, {"model": "auth.permission", "pk": 51, "fields": {"name": "Can delete category", "content_type": 13, "codename": "delete_category"}}, {"model": "auth.permission", "pk": 52, "fields": {"name": "Can view category", "content_type": 13, "codename": "view_category"}}, {"model": "auth.permission", "pk": 53, "fields": {"name": "Can add product", "content_type": 14, "codename": "add_product"}}, {"model": "auth.permission", "pk": 54, "fields": {"name": "Can change product", "content_type": 14, "codename": "change_product"}}, {"model": "auth.permission", "pk": 55, "fields": {"name": "Can delete product", "content_type": 14, "codename": "delete_product"}}, {"model": "auth.permission", "pk": 56, "fields": {"name": "Can view product", "content_type": 14, "codename": "view_product"}}, {"model": "auth.permission", "pk": 57, "fields": {"name": "Can add variation", "content_type": 15, "codename": "add_variation"}}, {"model": "auth.permission", "pk": 58, "fields": {"name": "Can change variation", "content_type": 15, "codename": "change_variation"}}, {"model": "auth.permission", "pk": 59, "fields": {"name": "Can delete variation", "content_type": 15, "codename": "delete_variation"}}, {"model": "auth.permission", "pk": 60, "fields": {"name": "Can view variation", "content_type": 15, "codename": "view_variation"}}, {"model": "auth.permission", "pk": 61, "fields": {"name": "Can add Product gallery", "content_type": 16, "codename": "add_productgallery"}}, {"model": "auth.permission", "pk": 62, "fields": {"name": "Can change Product gallery", "content_type": 16, "codename": "change_productgallery"}}, {"model": "auth.permission", "pk": 63, "fields": {"name": "Can delete Product gallery", "content_type": 16, "codename": "delete_productgallery"}}, {"model": "auth.permission", "pk": 64, "fields": {"name": "Can view Product gallery", "content_type": 16, "codename": "view_productgallery"}}, {"model": "auth.permission", "pk": 65, "fields": {"name": "Can add cart", "content_type": 17, "codename": "add_cart"}}, {"model": "auth.permission", "pk": 66, "fields": {"name": "Can change cart", "content_type": 17, "codename": "change_cart"}}, {"model": "auth.permission", "pk": 67, "fields": {"name": "Can delete cart", "content_type": 17, "codename": "delete_cart"}}, {"model": "auth.permission", "pk": 68, "fields": {"name": "Can view cart", "content_type": 17, "codename": "view_cart"}}, {"model": "auth.permission", "pk": 69, "fields": {"name": "Can add cart item", "content_type": 18, "codename": "add_cartitem"}}, {"model": "auth.permission", "pk": 70, "fields": {"name": "Can change cart item", "content_type": 18, "codename": "change_cartitem"}}, {"model": "auth.permission", "pk": 71, "fields": {"name": "Can delete cart item", "content_type": 18, "codename": "delete_cartitem"}}, {"model": "auth.permission", "pk": 72, "fields": {"name": "Can view cart item", "content_type": 18, "codename": "view_cartitem"}}, {"model": "auth.permission", "pk": 73, "fields": {"name": "Can add order", "content_type": 19, "codename": "add_order"}}, {"model": "auth.permission", "pk": 74, "fields": {"name": "Can change order", "content_type": 19, "codename": "change_order"}}, {"model": "auth.permission", "pk": 75, "fields": {"name": "Can delete order", "content_type": 19, "codename": "delete_order"}}, {"model": "auth.permission", "pk": 76, "fields": {"name": "Can view order", "content_type": 19, "codename": "view_order"}}, {"model": "auth.permission", "pk": 77, "fields": {"name": "Can add payment", "content_type": 20, "codename": "add_payment"}}, {"model": "auth.permission", "pk": 78, "fields": {"name": "Can change payment", "content_type": 20, "codename": "change_payment"}}, {"model": "auth.permission", "pk": 79, "fields": {"name": "Can delete payment", "content_type": 20, "codename": "delete_payment"}}, {"model": "auth.permission", "pk": 80, "fields": {"name": "Can view payment", "content_type": 20, "codename": "view_payment"}}, {"model": "auth.permission", "pk": 81, "fields": {"name": "Can add order product", "content_type": 21, "codename": "add_orderproduct"}}, {"model": "auth.permission", "pk": 82, "fields": {"name": "Can change order product", "content_type": 21, "codename": "change_orderproduct"}}, {"model": "auth.permission", "pk": 83, "fields": {"name": "Can delete order product", "content_type": 21, "codename": "delete_orderproduct"}}, {"model": "auth.permission", "pk": 84, "fields": {"name": "Can view order product", "content_type": 21, "codename": "view_orderproduct"}}, {"model": "auth.permission", "pk": 85, "fields": {"name": "Can add review rating", "content_type": 22, "codename": "add_reviewrating"}}, {"model": "auth.permission", "pk": 86, "fields": {"name": "Can change review rating", "content_type": 22, "codename": "change_reviewrating"}}, {"model": "auth.permission", "pk": 87, "fields": {"name": "Can delete review rating", "content_type": 22, "codename": "delete_reviewrating"}}, {"model": "auth.permission", "pk": 88, "fields": {"name": "Can view review rating", "content_type": 22, "codename": "view_reviewrating"}}, {"model": "auth.user", "pk": 1, "fields": {"password": "pbkdf2_sha256$600000$gL1L07TqKI5GWccYE9Zv1C$Zc06xFnrpYKXyY6sGmmFy0c23q2VNPrjY7lrRp+dL18=", "last_login": "2023-06-10T14:38:21.274Z", "is_superuser": true, "username": "dheer", "first_name": "", "last_name": "", "email": "", "is_staff": true, "is_active": true, "date_joined": "2023-06-07T19:02:44.539Z", "groups": [], "user_permissions": []}}, {"model": "auth.user", "pk": 2, "fields": {"password": "!xEXXCYdQ7yFIjukPYWKKaRaPMa784gCNlGYXZDwQ", "last_login": "2023-06-18T19:54:37.457Z", "is_superuser": false, "username": "dheeresh", "first_name": "Dheeresh", "last_name": "Agarwal", "email": "da11@iitbbs.ac.in", "is_staff": false, "is_active": true, "date_joined": "2023-06-08T13:43:37.100Z", "groups": [], "user_permissions": []}}, {"model": "auth.user", "pk": 3, "fields": {"password": "!2RBCgUNajFRCtsJDjkERo2Bb4Naw5pSkK1scOxhD", "last_login": "2023-06-08T22:29:01.271Z", "is_superuser": false, "username": "viplove_jagdish", "first_name": "VIPLOVE JAGDISH", "last_name": "GADKARI", "email": "vjg10@iitbbs.ac.in", "is_staff": false, "is_active": true, "date_joined": "2023-06-08T14:42:09.853Z", "groups": [], "user_permissions": []}}, {"model": "auth.user", "pk": 4, "fields": {"password": "!fNzybWR8dPx8g9Dn4SJvN9mtmw6H4T4Q1svGA3ow", "last_login": "2023-06-08T22:55:53.279Z", "is_superuser": false, "username": "paper", "first_name": "paper", "last_name": "foto", "email": "paperfotography@gmail.com", "is_staff": false, "is_active": true, "date_joined": "2023-06-08T22:55:53.233Z", "groups": [], "user_permissions": []}}, {"model": "contenttypes.contenttype", "pk": 1, "fields": {"app_label": "admin", "model": "logentry"}}, {"model": "contenttypes.contenttype", "pk": 2, "fields": {"app_label": "auth", "model": "permission"}}, {"model": "contenttypes.contenttype", "pk": 3, "fields": {"app_label": "auth", "model": "group"}}, {"model": "contenttypes.contenttype", "pk": 4, "fields": {"app_label": "auth", "model": "user"}}, {"model": "contenttypes.contenttype", "pk": 5, "fields": {"app_label": "contenttypes", "model": "contenttype"}}, {"model": "contenttypes.contenttype", "pk": 6, "fields": {"app_label": "sessions", "model": "session"}}, {"model": "contenttypes.contenttype", "pk": 7, "fields": {"app_label": "sites", "model": "site"}}, {"model": "contenttypes.contenttype", "pk": 8, "fields": {"app_label": "account", "model": "emailaddress"}}, {"model": "contenttypes.contenttype", "pk": 9, "fields": {"app_label": "account", "model": "emailconfirmation"}}, {"model": "contenttypes.contenttype", "pk": 10, "fields": {"app_label": "socialaccount", "model": "socialaccount"}}, {"model": "contenttypes.contenttype", "pk": 11, "fields": {"app_label": "socialaccount", "model": "socialapp"}}, {"model": "contenttypes.contenttype", "pk": 12, "fields": {"app_label": "socialaccount", "model": "socialtoken"}}, {"model": "contenttypes.contenttype", "pk": 13, "fields": {"app_label": "category", "model": "category"}}, {"model": "contenttypes.contenttype", "pk": 14, "fields": {"app_label": "product", "model": "product"}}, {"model": "contenttypes.contenttype", "pk": 15, "fields": {"app_label": "product", "model": "variation"}}, {"model": "contenttypes.contenttype", "pk": 16, "fields": {"app_label": "product", "model": "productgallery"}}, {"model": "contenttypes.contenttype", "pk": 17, "fields": {"app_label": "cart", "model": "cart"}}, {"model": "contenttypes.contenttype", "pk": 18, "fields": {"app_label": "cart", "model": "cartitem"}}, {"model": "contenttypes.contenttype", "pk": 19, "fields": {"app_label": "order", "model": "order"}}, {"model": "contenttypes.contenttype", "pk": 20, "fields": {"app_label": "order", "model": "payment"}}, {"model": "contenttypes.contenttype", "pk": 21, "fields": {"app_label": "order", "model": "orderproduct"}}, {"model": "contenttypes.contenttype", "pk": 22, "fields": {"app_label": "review", "model": "reviewrating"}}, {"model": "sessions.session", "pk": "0066p1ibw756tx6ki0r1cjddk1jxvanh", "fields": {"session_data": "eyJjYXJ0X2lkIjoiZGY1ODY0MjNhYzZiNDBkOGFkNTViMWM3MWNmOTAzY2MifQ:1q7fli:IViXJCpeggTjgUKZFE2btJVsjCBODW5cPAJlgbK0iSo", "expire_date": "2023-06-23T17:19:22.283Z"}}, {"model": "sessions.session", "pk": "04h41oq3k0l308z6oydoj6ywoe9e5ewg", "fields": {"session_data": "eyJjYXJ0X2lkIjoiZWY1ZDljNjgwZWY5NDg5ZGI3YmZiZjJhYjExZjgyNzEifQ:1q7ebP:AimTxSGT5yIElEYxngg-w1GRLzZStweaOzs2Y0YeimU", "expire_date": "2023-06-23T16:04:39.450Z"}}, {"model": "sessions.session", "pk": "07orgrr0vr3ssoif5my1mcj0gmo191xg", "fields": {"session_data": "eyJjYXJ0X2lkIjoiYzc5YTdkNWQ0ZDA5NDQwZjhlMmI4YTgzMjk0NzE0NjYifQ:1qCPyf:w4NSdXn00K3V5Y4FkarxiqVth2LL_NeixQqUUtqcJ_8", "expire_date": "2023-07-06T19:28:21.327Z"}}, {"model": "sessions.session", "pk": "08rog0lnombbiovtbxkorayl5tpg69ab", "fields": {"session_data": "eyJjYXJ0X2lkIjoiMGJhN2FjODM4NzFkNDA1ODg1MzU5OTUwNzVkNDlhMTAifQ:1q8RjT:cD7W80_lD7ysfHoYY0eVgqKmo-tlu-HzgErpwD2cPPc", "expire_date": "2023-06-25T20:32:15.640Z"}}, {"model": "sessions.session", "pk": "0c33eq1z7l9jc7qkiv8c9l0bve972szl", "fields": {"session_data": "eyJjYXJ0X2lkIjoiOTJiZThkYzYzN2MwNGNiZDlhZjMyNzIxNDgxM2JlZDcifQ:1q7f3o:9SH0kkWUYW9cpq5ZzA1upO7_yE7llf0OR80IMKWWwtM", "expire_date": "2023-06-23T16:34:00.916Z"}}, {"model": "sessions.session", "pk": "0d0vrjfpzt4akgtc13usefrezsnf5djo", "fields": {"session_data": "eyJjYXJ0X2lkIjoiNWQ1M2VlMGM1MjcwNGU0MGE1OWEzMWFhMzc3Y2FiNTMifQ:1q7fYN:cV5C-4cNPtPaZFhEpCQcU7oBMMz4t8fIpjCvut-LCZs", "expire_date": "2023-06-23T17:05:35.765Z"}}, {"model": "sessions.session", "pk": "0i0hrrw06ck50z6s23gr2wh5idg1pgcj", "fields": {"session_data": ".eJxVjksOgzAQQ--SdYWY_NNdexE0mUwEKgoShFXVuze0bFjafrb8FoRrHaYk7sIa9j0702ettYw-uiQhGo4ESOCVuIkB9zoO-8brvyKvXkR6cTkCnOfD7pBo2UvtfswZb92jKS51IqzTUp5n6zI14ja2nYDJZ4R2w8foIQfvkQF7my0lThgisNNGKpWBFEoryQSnQDXYKJbi8wXhDkju:1q7Nxs:gL9oPFyqspARAxKMoTDcf4b8a_3Re0l5Pj8rmiil0eQ", "expire_date": "2023-06-22T22:18:44.705Z"}}, {"model": "sessions.session", "pk": "0i7c48ac59n1jd72uta8fdkm8yc6vvoa", "fields": {"session_data": "eyJjYXJ0X2lkIjoiNmRlMjgxYWEyYTQ1NDBjNmI4ZDNhZjA0YjBhYTFkYzYifQ:1q7rqe:y21BTPhhi6_tuWYfX-SBI-8uy6yi_TP_eIsi-0gnFpY", "expire_date": "2023-06-24T06:13:16.247Z"}}, {"model": "sessions.session", "pk": "0n2nw42j1rl01bo0rywcok9z77fwbuc7", "fields": {"session_data": "eyJjYXJ0X2lkIjoiMDllMTgxZWRmNTBjNGZmYTljMGM1MGI1YWJlMDAwOGYifQ:1q7zWO:4a8KLhKwwkmBAenRvKOdYj_hT_5NOAWiiabkPNjuhSo", "expire_date": "2023-06-24T14:24:52.518Z"}}, {"model": "sessions.session", "pk": "0ron78w10y6xixwlf1jbkm9ofhp6pv3j", "fields": {"session_data": "eyJjYXJ0X2lkIjoiOGZkZTJkZmJmNTMzNGQ2MmEwZDk1MTAxY2JkYjI2NGYifQ:1q7hT1:Hi4X7DzT3he0NTuLIIy4Re4WdPaFpW2buXKPSE1yPcU", "expire_date": "2023-06-23T19:08:11.943Z"}}, {"model": "sessions.session", "pk": "0u2kozhx9smo2yzcb2p1m2ibm2g1rmq8", "fields": {"session_data": "eyJjYXJ0X2lkIjoiOWM3ZWFiYTIyYzc5NGNhMmFhMGYwYzdjZTZhMGExNDQifQ:1q7gNw:4jSY6Q3YAP0SGIoG3uHKCzA8Up4vJzsHMtRmNduCQEc", "expire_date": "2023-06-23T17:58:52.516Z"}}, {"model": "sessions.session", "pk": "0vcvfsk0rrye9rhl94i7rkaeok4alinl", "fields": {"session_data": "eyJjYXJ0X2lkIjoiMzE1NTVjM2ZmOTE1NGM4NmI2MzA5YTlmZDViNzViZWEifQ:1q7faq:bAm3_hpzrRdzJyq5I5EJb3-qX3YilWVQS6T9J7E2v4o", "expire_date": "2023-06-23T17:08:08.709Z"}}, {"model": "sessions.session", "pk": "0z214o8ulj5xpwjjjv8m2y93tec2iquo", "fields": {"session_data": "eyJjYXJ0X2lkIjoiMGU1MWIzZDc2OGU4NDM4YWI0MDQ2OTZmMzBiOGZkODgifQ:1q7flr:2_AVrRwxP4GNHwZ5hxrNKsxqK3i6fmkgy6U0GiqNb84", "expire_date": "2023-06-23T17:19:31.118Z"}}, {"model": "sessions.session", "pk": "11qcmiim1q7d5p0ym28y2twb9weqpsv1", "fields": {"session_data": "eyJjYXJ0X2lkIjoiM2Y2ZWRmMDYzYjE2NGNhMTg1MDg0MTFiODZlODk2YjgifQ:1q7fYF:1wLUgPi2KzpM-BsSdEKGY-0So1EoU5Or9VfMtG1CNrE", "expire_date": "2023-06-23T17:05:27.195Z"}}, {"model": "sessions.session", "pk": "14k1xzf72gfwoq0hchhw3mrn66lrk4ga", "fields": {"session_data": "eyJjYXJ0X2lkIjoiMWZmZmY5NjgzYzgyNDhkNTgyZjdmMzk2ODQ2ZDA1YWMifQ:1q7X7O:2BvbQoyUh-L7mjOZxnQJw09YwS8c-a6wgk0ghwCAI1g", "expire_date": "2023-06-23T08:05:10.256Z"}}, {"model": "sessions.session", "pk": "14xx7ffww5to4vq9ycqy566xqwf9izw1", "fields": {"session_data": "eyJjYXJ0X2lkIjoiZmYyNjNmZmQ2M2VhNDQ1OWEyMjRlYzlhYzEyZDk5MGQifQ:1q7fYL:QK_yoff1zw5m9T6YlxBjJdST7cDkOz3zr_XCqBnund8", "expire_date": "2023-06-23T17:05:33.147Z"}}, {"model": "sessions.session", "pk": "14yjnrltkvx9b6zxij3wat4egkoc9cqb", "fields": {"session_data": "eyJjYXJ0X2lkIjoiZTQ1NWI5YzQ0ZWQxNGNhNDk4MmZhYTc0NjY2NGNhZDUifQ:1q7gBu:2tEaECnkxgsG2IMtUNsQs3A3nkoIJ3j_kiI2fs_Bkik", "expire_date": "2023-06-23T17:46:26.102Z"}}, {"model": "sessions.session", "pk": "17oqgmzq4x77b75obzv2ga8dlh7ff5j8", "fields": {"session_data": ".eJxVjksOwjAMRO-SNaqc2DgWS_acoXKchBZQK_WzQtyd8tl0O_PmaZ7OdFraPruTy8ZVksUQK5MnEiBOFLNwQCJM7uBaXZeuXecy_SZ-nyW1exm-rpsO17GxcVimPjUfpPm3c3MZc3mc_-xO0OncbWuJ4g05CojFWiMeS8BcgpqoGnpADKTMNXEFhe2llrJd5QCUAMS93hEFQ48:1q7zNl:Ln4zJ8ne1ik9grFp9mhrFXQA_8Xp7Uno0tBoMgIo5SY", "expire_date": "2023-06-24T14:15:57.218Z"}}, {"model": "sessions.session", "pk": "196hppmblzwqr5ni5eftckgkt9xjo9gv", "fields": {"session_data": "eyJjYXJ0X2lkIjoiYWQwMGE5MDQ3N2ZjNDBhNTg5MDIxMTk2ZTg5MmFhZWQifQ:1q7edN:wARI_Scyz-ViWlXStQ-raPfQZF1CK0sVWDFdhFJghe4", "expire_date": "2023-06-23T16:06:41.881Z"}}, {"model": "sessions.session", "pk": "1e3zlusc2pxa5hg5l5e74ylh7mphnlsn", "fields": {"session_data": "eyJjYXJ0X2lkIjoiYjM3NzRkZjNjNmE2NGVkM2JlNmM5OTVhNDBmNDIxZTUifQ:1q7fW9:OOyeepsjMxWiRK2jTisGzk_pSPiXy9soErPCzUpvqog", "expire_date": "2023-06-23T17:03:17.581Z"}}, {"model": "sessions.session", "pk": "1icb8wtxty4hchhwepaia9bbd201zqlb", "fields": {"session_data": "eyJjYXJ0X2lkIjoiMWY2NDQ0MTZlNmRhNDA3M2IzZWJmYTJmMjdkZjlkZDIifQ:1qBd55:Xt3GcCUghGfPj8unkduMOqFUThn5Rdk8eBypbITEiSM", "expire_date": "2023-07-04T15:15:43.565Z"}}, {"model": "sessions.session", "pk": "1nodorhb0odg3y6mrseim4w85a0pxl3k", "fields": {"session_data": ".eJxVjEsOgjAQhu_StSFM3-NOL0Km0zYQSUmgrIx3tyIbdv_zewumtQ5TFHdBfTI-Spspo9YO0SJrA7YJF41lcRMD7XUc9i2t_4u8ZoH4lcrBmudf3BHzspfaHZuz3rpHc6nUialOS3merwtqpG1sHKToMwEE40PwkNF7SkC9zZZjioQBktNGKpWBFUkr2aBToNrYqCTF5wufH0iO:1q7yJp:gSuq6MC6PbbHTA548xusD2B9ZpHNS7WbjDLToZ_hWE8", "expire_date": "2023-06-24T13:07:49.499Z"}}, {"model": "sessions.session", "pk": "1wq4kv1140q0cz14sero8fayz66lo5c4", "fields": {"session_data": "eyJjYXJ0X2lkIjoiMzk0MTNlMTMxY2QwNDU4ZTk4MGFkYWI0ZDJiMDMzZTkifQ:1q7gPY:ah4n7kXUcZqm2NJ_kEuhsjWj6IAu1tEO844VRhDMrXk", "expire_date": "2023-06-23T18:00:32.463Z"}}, {"model": "sessions.session", "pk": "1zg5siwvvlled8yutfh7g8jqqc85giu4", "fields": {"session_data": "eyJjYXJ0X2lkIjoiOTY5NTRiYmYzMjI3NDliM2FkYzhmM2M4OTg4NDcyZGMifQ:1q7YpX:zWFlUnPsgxJcSuO1xvKMGMlmZYjwbRhyO0lEau_zG64", "expire_date": "2023-06-23T09:54:51.720Z"}}, {"model": "sessions.session", "pk": "205bm76ylx3kdq1lxrid3r26933d0h4t", "fields": {"session_data": "eyJjYXJ0X2lkIjoiMGRmYWFlZGExMGNkNGFhMDgyMTdkYWE5ZGNmODliNzYifQ:1q7fYY:wzxpqctzyCQdmUc6kX1RgJU6zsV64jA7Cp_FtNewRVY", "expire_date": "2023-06-23T17:05:46.062Z"}}, {"model": "sessions.session", "pk": "23iyoxnybz6lqmy8v62mha3k6nx3d2d3", "fields": {"session_data": ".eJxVjEsOwjAMBe-SNYqcT53Akj1nqGzHoQXUSv2sEHeHim66fTPz3kZoWtq-mIsBFRHK3PgzRS3CWhokV_XsUDFmczItrUvXrrNO_8QdNyZ56rCB8qDhPloZh2Xq2W6K3elsb2PR13V3Dwcdzd2vzik7CZgyZEm1ptCoD0U9SSaS4CAEHwmxMlYgQI6kyjGhh8gA2Xy-JNNFBw:1q7zjR:_vFin0cNZeGIbuXdYlwgFabTcglo2-6PxhWg6hZVuoA", "expire_date": "2023-06-24T14:38:21.336Z"}}, {"model": "sessions.session", "pk": "255d1dkxqdstwbzzbsdqmgizu0ncdqns", "fields": {"session_data": "eyJjYXJ0X2lkIjoiNThjNmZkNmEwN2ZkNDBhNmJjZTA4N2UzNjA4ZWU0ZTIifQ:1qBv43:oh7KA7ADE3wWA9gJHsD-cYD4FEWnfrLfsCw8tbtoRWw", "expire_date": "2023-07-05T10:27:51.730Z"}}, {"model": "sessions.session", "pk": "2aae5o6u33k4dycs40sp6no33fibfzlg", "fields": {"session_data": "eyJjYXJ0X2lkIjoiOTUwODQ4NWYxZTZhNGVhM2E4ZWVlYTY4ZDY5ZmMxZGQifQ:1q7ij6:685PI27R7O6YOJ6ymiqZS1G-PcY_EEG_DF8TridGsdk", "expire_date": "2023-06-23T20:28:52.291Z"}}, {"model": "sessions.session", "pk": "2dcwys0nk59px0ths40utfhdq8on73ag", "fields": {"session_data": "eyJjYXJ0X2lkIjoiOTgxNzcwNmZhZmRmNDQ4NjkzNDkzOGQ4NTUwMmI2ZTgifQ:1q7g1m:_4YCmpfhhwkA4KGWdHmBmhtAUKV7nlkHrCmOcmdLsDQ", "expire_date": "2023-06-23T17:35:58.724Z"}}, {"model": "sessions.session", "pk": "2nf6lhc00ii3m80jn780ak3hb95hvnbn", "fields": {"session_data": "eyJjYXJ0X2lkIjoiNDg1ZDk1Yzc5Mjk5NDRlYzg5ZTIzNDg0ZWY5ZjlkODQifQ:1q7wYG:8Ru5O-u7jVmY4oqJOleOISr1mGNgx3HG3wsLfnTP6gk", "expire_date": "2023-06-24T11:14:36.875Z"}}, {"model": "sessions.session", "pk": "2p8dbg70tf9vn3xc1kx1mjvkkwvcpa6s", "fields": {"session_data": "eyJjYXJ0X2lkIjoiOTRmNTZjZDM2OGU5NGY2NGJjNWM1OTJlNjQyMGY1ZDQifQ:1q7fdd:rC5H8jCscUClJg_F1IockS17ewk-g2RDWBrcliU2x4k", "expire_date": "2023-06-23T17:11:01.749Z"}}, {"model": "sessions.session", "pk": "2qkis271ggukk17nuf7ar1yd43uvg1xe", "fields": {"session_data": "eyJjYXJ0X2lkIjoiOGMwYTQwMmY4NWU2NDBlYzhhMTliNThhOTM2MzYxYzcifQ:1qAyWI:T40i49hKT5oBasebWpiy0cuN_Gz_OUexBYwcuuBFsqk", "expire_date": "2023-07-02T19:57:06.414Z"}}, {"model": "sessions.session", "pk": "2xz62dw0waq0p9nuohvyb5gfxx8vfljk", "fields": {"session_data": ".eJxVjEsOgzAMRO-SdYVwTH7dtRdBjuMIVBQkCKuqdy-0bFjOvHnzVkxL7cek7iqLMFsbsA3YSdBEok2IzNE410KnbqqnrQ79tsryV_S1i8QvKQegaTrqhpjnrdTmtznx2jz2JKWOTHWcy_O0LlcDrcP-Eyj5TADR-Bg95OA9CVBrs-UkiUIEcZ3RiBkYSVvNJjgE3McGRavPFxwpSSw:1q7fyF:8_uX-mpYYZWR1H2_GMBxeXwwUkdmsqjfpaH-wZRo3Vc", "expire_date": "2023-06-23T17:32:19.596Z"}}, {"model": "sessions.session", "pk": "2z7ioazv4dsk29r0t7yz3otbt5worz7l", "fields": {"session_data": "eyJjYXJ0X2lkIjoiYWUwZWU3YmNlZjRiNDVmYjk4YjdhNzYzYTY0YTZkMzgifQ:1q7yTx:rWP-rya0E_9dYSTDnlQv0rs8KY8A8m0loplSYv65WSs", "expire_date": "2023-06-24T13:18:17.113Z"}}, {"model": "sessions.session", "pk": "30f90xz0rnlr6p0lsoix94rhd88oy244", "fields": {"session_data": ".eJxVjMEOgyAQRP-Fc2MEXFh6a3_ELLsQTQ0miqem_15tvXicefPmrZiW2o-i7grQk289k0DXdRFCdCLZkQ_YCiKom-ppq0O_rWn5K-baReJXKgegaTrqhpjnrdTmtznx2jz2lEodmeo4l-dpXa4GWof9J5BgJq0jYIyoc0CkpKl12bEkoRB18h0Ya7NmS8YZhuCttvsYbDLq8wXZQ0jf:1q7g24:xBmGJzm3xKfsWhgc593jEKG93mWZCaflYqRy-53_1bs", "expire_date": "2023-06-23T17:36:16.541Z"}}, {"model": "sessions.session", "pk": "34vz4i3b5gz3dw01751ovbhnxl548ymm", "fields": {"session_data": "eyJjYXJ0X2lkIjoiMDI1ZWE1MTVlODNiNDEzZWJlZmUyYzg4NGI1YmU3ZDAifQ:1q7gNw:6-xddafSSMlKVe_wmAYaMPCcFnxF8KxWOouZh5tJpXU", "expire_date": "2023-06-23T17:58:52.617Z"}}, {"model": "sessions.session", "pk": "35laxnpnbd2aw5kv0ekogk4t4ul3qw4c", "fields": {"session_data": "eyJjYXJ0X2lkIjoiMzlhMjcxYTJkZjVlNDVlZWFlMDUwNTcyZmZhNjRkNTUifQ:1q7ecG:mIgQBCIHQvN6sm3Y4T779gIo0UWUrvi2FbIFBHKIDak", "expire_date": "2023-06-23T16:05:32.456Z"}}, {"model": "sessions.session", "pk": "37lg38syrh2j7ob5z9lngsriezbi7gvi", "fields": {"session_data": "eyJjYXJ0X2lkIjoiMWYzNGZlMjhiMjA5NDFhN2JjMjAyZDA5NDVhNmMzYWMifQ:1q7zWX:YdzRZ7uTq_wDR6_mRlS10XU1cmMteVXadp6YdVJPbk8", "expire_date": "2023-06-24T14:25:01.161Z"}}, {"model": "sessions.session", "pk": "38ichzk7ydv94pzr7b6y60b0juozuh61", "fields": {"session_data": "eyJjYXJ0X2lkIjoiMjQxMGEzMTQ5OWM4NGQwMTgzMzgzNmU3MzNlZGE2NDQifQ:1q7fZy:Uf5pTgbUhKp_jkYNlyfXnuiYvVHcDgCrxm1CBY6UFfg", "expire_date": "2023-06-23T17:07:14.347Z"}}, {"model": "sessions.session", "pk": "3kkaox73ntriiemdr7ozgmcnc88p5jvj", "fields": {"session_data": "eyJjYXJ0X2lkIjoiZDdhMzkzOWNjZmYzNDJhZTg4MDlhOGIwM2I2OTRiZDIifQ:1q7fYK:8LYX5Ofm-xHTEi4BOi_fAxR5zfNg50DkIf0UpLNGICE", "expire_date": "2023-06-23T17:05:32.472Z"}}, {"model": "sessions.session", "pk": "3on1dtkj5z677os2jb098b0g4hpni3rh", "fields": {"session_data": "eyJjYXJ0X2lkIjoiYjNkYzBhZjIwYmQ1NGZmZDg3OWFmMzNhODE3MDMxODIifQ:1q7zZI:iTNQ6np8ehTm_DT2yGaa1WtD9apkhGPzlJEuksQnQBA", "expire_date": "2023-06-24T14:27:52.770Z"}}, {"model": "sessions.session", "pk": "3pj1ph8d7utypxl3ypai8fvj9fsqo3ck", "fields": {"session_data": "eyJjYXJ0X2lkIjoiYTQzYWM1NGY3MmRhNDAxMzhlZTI4MTFhNDM1NTk2NTIifQ:1q7gP0:wIDMmROUOMWP7Khta1RTHtq1RDPBhNvnyfixdl75gpk", "expire_date": "2023-06-23T17:59:58.196Z"}}, {"model": "sessions.session", "pk": "3th5ewj3xq62hb3u4g5y6v4vsfxbeew0", "fields": {"session_data": "eyJjYXJ0X2lkIjoiZDg2NzE1NGMwOTdmNDYzM2E1YmYzMWNhOTJkMzI1Y2QifQ:1q7feg:IDpEJVRdljbdqP49SmnnbRfz4M248I67krb6_72wBr0", "expire_date": "2023-06-23T17:12:06.345Z"}}, {"model": "sessions.session", "pk": "3wop2m00hna6pjl4i2vphaxnwi4adc6d", "fields": {"session_data": "eyJjYXJ0X2lkIjoiNjY0YWY1ZjhhOTk0NGM1MGI2NTJmOWU4NGY0OWZjMTcifQ:1q7zSc:bXtfXUBTC0IZp7O2FcblrNeaCO1SKvznF5Duq5tBxYI", "expire_date": "2023-06-24T14:20:58.357Z"}}, {"model": "sessions.session", "pk": "40fxqk5g72x0t6xj0y3g4wgp0vkr2cjn", "fields": {"session_data": "eyJjYXJ0X2lkIjoiNzQ2NTU3ZTIzMWU0NGM5MTgzY2YxNjYzZDA2MzhlZTQifQ:1q7NZS:zpU57Gzb4Yz7pd3muVdzoFTcovbnbqMqvXLUeFmQAMw", "expire_date": "2023-06-22T21:53:30.905Z"}}, {"model": "sessions.session", "pk": "46p3ny4s3dfd22vmt3k2gjzgvgm4j53e", "fields": {"session_data": "eyJjYXJ0X2lkIjoiOGM3M2E5MTRlOTZkNGY0MTgwZTJmMDUzZDE4OGEzN2MifQ:1qCPyk:2YAnteBU3DRVLiytl27cvgEgBq-A9mj-nLMD4uKo2L0", "expire_date": "2023-07-06T19:28:26.851Z"}}, {"model": "sessions.session", "pk": "49wajznp643qdckqe1i0c5rgkkgv0u5c", "fields": {"session_data": "eyJjYXJ0X2lkIjoiZjI2ZTFmMzNmNDRmNDEzYmE0ZThmOWM5NGU2ODI1YWQifQ:1q8Rbm:S4pMM1eDvp5SMs2CAvowH5AVgrYPtftQI1GG5nPF3jk", "expire_date": "2023-06-25T20:24:18.869Z"}}, {"model": "sessions.session", "pk": "4ikvpg03swvs1smsie4ada3ushkn0jvv", "fields": {"session_data": "eyJjYXJ0X2lkIjoiMDEyMWRmYzA2NTJlNDFhM2FkMWU5MTdjMzI4YmI4YjgifQ:1qAyUp:meM3NoGvzVO4ad9ubowxgx3bJ4ChAlxtKDwReyRumv0", "expire_date": "2023-07-02T19:55:35.270Z"}}, {"model": "sessions.session", "pk": "4ljg1t20wr5f7wtwej29cd203yb8v807", "fields": {"session_data": "eyJjYXJ0X2lkIjoiZTViZGNhODljZjQzNGI2NTlmMDg4MzhmZTNmNGM3NDcifQ:1q7erf:KEnsTpD1WfXasixt3Wfln0xXvMC9KafH3IdKswhNv-8", "expire_date": "2023-06-23T16:21:27.108Z"}}, {"model": "sessions.session", "pk": "4oyj58hgrmn0cjr8u1nfkaix8937a976", "fields": {"session_data": "eyJjYXJ0X2lkIjoiNTkzMWQyOTMxZTY0NGY2Y2ExODUwYjIzOGU3M2VhM2IifQ:1q7zW3:rq4sW0R9FBAmj5ieUSWKBBwBzri9OHy4cMAYCGT754U", "expire_date": "2023-06-24T14:24:31.679Z"}}, {"model": "sessions.session", "pk": "4tokbegnvt7wswyd1trar63ia7oewzwc", "fields": {"session_data": "eyJjYXJ0X2lkIjoiZDQyZDkzMGY1Nzc4NGNkMDgzZWU0N2ZiMGExMTYyYzkifQ:1q7edR:6cVGN31R4geMOR1OYZrNMwF3RwNBLO2G4D7NkoKf0XI", "expire_date": "2023-06-23T16:06:45.123Z"}}, {"model": "sessions.session", "pk": "4vw7lk0rdzcje9rkd7p80mkix2vp45da", "fields": {"session_data": "eyJjYXJ0X2lkIjoiNzgxYWJlZmUwYzg3NDVkZGIxNGJkYzdjNDRjZTZmYjMifQ:1q7edO:Os27KqjCseLu6gSfPbOp8nkJruqppcYEMOtxjwuEoEc", "expire_date": "2023-06-23T16:06:42.082Z"}}, {"model": "sessions.session", "pk": "4z3y3oaa9wh02qbgv9iywgfff81zd6ro", "fields": {"session_data": "eyJjYXJ0X2lkIjoiMmJjNTBiZTE5NzBhNGE1MTk0Njc5MGUwZDMxZGZkZTEifQ:1q7zZI:vujEs8br8ikhCxgBrTbD_kzkD93tLlazyv6k7fm3ns8", "expire_date": "2023-06-24T14:27:52.153Z"}}, {"model": "sessions.session", "pk": "57vi3j8posemid3769kbq2r5n1g6kesb", "fields": {"session_data": "eyJjYXJ0X2lkIjoiMGZjMTdhOGEwMjliNGExMGJhZGZkMjRhYzExNGQyNmEifQ:1q7zZH:imopUxk-ObgT0pTq8ugsFyGD2cILXFuMiiQDoy7_11E", "expire_date": "2023-06-24T14:27:51.868Z"}}, {"model": "sessions.session", "pk": "5c05y9f0xm3hwkycssvi6lyq5yfz8r3n", "fields": {"session_data": "e30:1q7NxS:eyfV7KZuTX9wyaAP4Tin_Q8nbYUwCmW0jQ2viA0euac", "expire_date": "2023-06-22T22:18:18.894Z"}}, {"model": "sessions.session", "pk": "5cgzqud96ue31crwwr1xw9u3irshy5fs", "fields": {"session_data": "eyJjYXJ0X2lkIjoiMDc5NDIyYzU2NjVkNGZiN2I1NmM0M2Y5ZGJkZGI5YjAifQ:1q7far:ldsiEy9NsXlWoFu0e5Vw7wsnnlzIdET8IHuqGzZavzY", "expire_date": "2023-06-23T17:08:09.566Z"}}, {"model": "sessions.session", "pk": "5hr0qgiinlqrio32ne5z98w75cy27l5h", "fields": {"session_data": ".eJxVjEsOgzAMRO-SdYWw88Hprr0IcpxEoKIgQVhVvXuhZcNy5s2btxJeaj9GdVfOCaK1UQtbQ86QN8K5AyAUj7lVN9XzVod-W9PyV_DaBZZXKgfgaTrqhkXmrdTmtznx2jz2lEodhes4l-dpXa4GXof9x3OkzADBUggE2RNxAm5ddhJTZB8gdcai1hlEMzoU6zsNeh9bnVB9voDwSG4:1q7za5:t0V609_6ISDJ4LY76NuuzxcomYrJ5bRJ-3sVY-lmGyo", "expire_date": "2023-06-24T14:28:41.186Z"}}, {"model": "sessions.session", "pk": "5oo9jzc4l0jyzncwssr03t7xsjss7mgh", "fields": {"session_data": "eyJjYXJ0X2lkIjoiNDVjOTk4NGY0YzU4NGFjNGI4YmJjN2UxOTY0OWYxZmYifQ:1q7zZw:zWuHsgj8ruhOudTHXyocaM_jKdqPPSzR3Qe4I7XY4rw", "expire_date": "2023-06-24T14:28:32.729Z"}}, {"model": "sessions.session", "pk": "5p3x8vrvcrucgk50p6gs0vdatrhpg0az", "fields": {"session_data": "eyJjYXJ0X2lkIjoiZWI2NmJjYmQ5MWVjNGNjZGJiNDBmODdmMTliMThkNjkifQ:1q7bme:Ga2dNtcAmAnLslDJrSvRJvjueQYhx0GaLIbqA2tWX8w", "expire_date": "2023-06-23T13:04:04.601Z"}}, {"model": "sessions.session", "pk": "5tx5wm226numuszjhxe3xjrsyhy0rl1i", "fields": {"session_data": "eyJjYXJ0X2lkIjoiNDBmMjU4MjQ0ZWE2NDNmNTlmNjJiNDlkNTMzNGM5NWEifQ:1qB1WC:UX9eR_X4HS0lmzv6Cr-5gbwQH7odWBU8eeQH1teugEk", "expire_date": "2023-07-02T23:09:12.024Z"}}, {"model": "sessions.session", "pk": "5ufqtetdc9y8dt9yoj0js23qodhwmdve", "fields": {"session_data": "eyJjYXJ0X2lkIjoiNjYzZDA5NTg1ZGMwNGU4ZTg2MGEzZGM3YTllOGRkODEifQ:1q7ebI:LqRfq45x-q9CnSKiOtWEr4aDAv0UQ-mpqNEFAM0wU_I", "expire_date": "2023-06-23T16:04:32.153Z"}}, {"model": "sessions.session", "pk": "5yshgnopc2rugxqmg1gog0srys1272pn", "fields": {"session_data": "eyJjYXJ0X2lkIjoiOWZlMGMxMWM3NWFmNDkzMmJlYWFlMWUzNTY1ZDRjYmIifQ:1q7edD:NtwSLYihCx9o5STurQoGoeEqZFq-h3OC3eiEzsK390w", "expire_date": "2023-06-23T16:06:31.216Z"}}, {"model": "sessions.session", "pk": "6a6jisks3rv7i25c7et6huj31zfd39gq", "fields": {"session_data": "eyJjYXJ0X2lkIjoiMTZkYTU0YTRhYzFkNGQ5YTkwYTI1ZTZlY2EzMWQ2ZmUifQ:1q7XoF:DAMSmEFWrGBNg_1rV3tK3VuR-4yDBw5ELi0imU4kWqk", "expire_date": "2023-06-23T08:49:27.232Z"}}, {"model": "sessions.session", "pk": "6ahpjh2ei0y0bg933dmeb5u5agop93wg", "fields": {"session_data": "eyJjYXJ0X2lkIjoiYjdhNTdiNGRmMTE1NDRkYmJiMTlkNDMxZDg2ZDYzYzEifQ:1q7fBZ:5FNJy1k8aMrgkuRKyKrC3bL2A3D3WHkJgHybGKcl8OM", "expire_date": "2023-06-23T16:42:01.970Z"}}, {"model": "sessions.session", "pk": "6exdscuqqtcquvu5q1kefgsrrzptutp7", "fields": {"session_data": "eyJjYXJ0X2lkIjoiY2YxNjBjNzAzZjE0NGFkZTg0OTVhOTBkMmFjYmE2NmQifQ:1q7gw3:RSsKAxXv__kZ7Zs9nYg8D_v0FFWFgz_9c7MeX5Yd5Nw", "expire_date": "2023-06-23T18:34:07.710Z"}}, {"model": "sessions.session", "pk": "6nxkpricy4cwi76hq019udvd0uyu939l", "fields": {"session_data": "eyJjYXJ0X2lkIjoiZTJmYjg1OTY2NzRmNDNiNDgwNzMxMGUyY2NkOTYyOWEifQ:1q7XlN:0r4Kl49-peHbC-z7lJdHw8yN-KBMbSef1UEDzRPCBjY", "expire_date": "2023-06-23T08:46:29.649Z"}}, {"model": "sessions.session", "pk": "6oed2hmqoo3019urc3m4270qzgi4snok", "fields": {"session_data": "eyJjYXJ0X2lkIjoiY2M0N2MzZTZiYmZkNGFjODg3YjVlYTViZTQ1YjQyMjYifQ:1qAyUL:rQEsToGIAvT89SpOMDjdxeTiAZyjs-wzNpvBSbWjMgw", "expire_date": "2023-07-02T19:55:05.381Z"}}, {"model": "sessions.session", "pk": "6ulk4b5e0r7xtp2gzey4kejlunut7b1i", "fields": {"session_data": "eyJjYXJ0X2lkIjoiMmM4Mzg1NDY0MjI1NDhjNDljNTFlMmVkNGM3ZjRiNDIifQ:1q7gwC:KlpAplEkZOR2Kr_Q2kCFDuVGV8tjYOcDBRAA6HCOBkA", "expire_date": "2023-06-23T18:34:16.214Z"}}, {"model": "sessions.session", "pk": "6wztbn9tbb5efcn0wln26adkaoahxoul", "fields": {"session_data": "eyJjYXJ0X2lkIjoiMjkyOTNjZjFhMzg4NDhmMWJkM2JlOWM1YjkyOTFiMzMifQ:1q7gPS:ZrxGTSnVD04Fwwz6T5w5hIAbp4eajH-y1887-x1spb8", "expire_date": "2023-06-23T18:00:26.211Z"}}, {"model": "sessions.session", "pk": "6zgk52dkfbq6xcokh9jre5749xddycto", "fields": {"session_data": "eyJjYXJ0X2lkIjoiZjhlMjk1OTczM2JlNDRmMDkzZGM0MGZmZjIwMzAwYWEifQ:1qC8Dg:Kt3JrxhxZCwsvlwS2qTwhjKH4pbUlmxViLTZ9rETmR4", "expire_date": "2023-07-06T00:30:40.524Z"}}, {"model": "sessions.session", "pk": "70mvh15ilc9hsc41o1xo1h5mb8wu6qmu", "fields": {"session_data": "eyJjYXJ0X2lkIjoiMjJlNmQ5YWM0MjgzNDJhYWIzYmM2YmQzOWRhMzQ3ODAifQ:1qC8F4:V-D95HPcihn2_nMMjUIySItVoXqojEPOrrNvLQ59lTk", "expire_date": "2023-07-06T00:32:06.528Z"}}, {"model": "sessions.session", "pk": "71c1r4hnsvio4ijvfmab91wm2thevu3f", "fields": {"session_data": "eyJjYXJ0X2lkIjoiOTA2Mzc4YTc5MzM5NDQ1NzlmYmZlYWMxNDgxZjQyZTIifQ:1qAyRe:hUkWLhXRR9BKtD340EwJk2o6pq0odTMgYMSMbxUGtDE", "expire_date": "2023-07-02T19:52:18.389Z"}}, {"model": "sessions.session", "pk": "7282bxw8abduv1rh8hulbv556p0h7jlw", "fields": {"session_data": "eyJjYXJ0X2lkIjoiNWFlODQ4MmRmZjY5NDU5NTlkYjJlMDhjZDU0OTE4ZGIifQ:1q7fYH:AABtdoAa7k74_WK4voOUDk0qsI64viFUUIADvh3gnmo", "expire_date": "2023-06-23T17:05:29.600Z"}}, {"model": "sessions.session", "pk": "74ozitijpuf8d2e6mtfhkqcny99mhymr", "fields": {"session_data": "eyJjYXJ0X2lkIjoiZGNhYThkNTAxYjZlNDQ4YzgxMTFmYzYwYWUzNDM5MGMifQ:1q7ebV:5QLclfc5n4o5zGVVQiwVUWNCSG1VCC9GVSx6UQ9uZdc", "expire_date": "2023-06-23T16:04:45.786Z"}}, {"model": "sessions.session", "pk": "76toyxw8929y82izxxlizxatf1pwzeb4", "fields": {"session_data": "eyJjYXJ0X2lkIjoiMDExZWIwNzEzNDQxNGU1NmEwYTQ0MjRlMDg0M2MzNTkifQ:1qBv43:4QkUMRVUX_7lO9WOAVPeqBVzv8_6umV2fEd8v-tzkF4", "expire_date": "2023-07-05T10:27:51.782Z"}}, {"model": "sessions.session", "pk": "78dhhek137s4aeudd4txc4mwkc2iqik0", "fields": {"session_data": "eyJjYXJ0X2lkIjoiZjIzMWZmMDI1NDg1NGIyZDhkZDQwYWU4ZDU0NDAwMjIifQ:1q7fY8:LvCS612irlWlxUYM-bzrQ1IN-6yXIOY-fullmxbD6wo", "expire_date": "2023-06-23T17:05:20.243Z"}}, {"model": "sessions.session", "pk": "79yx5jyoepn6537aw852chvz5t4ae459", "fields": {"session_data": "eyJjYXJ0X2lkIjoiNjE1ODM4MTUxM2U3NDEyNjlhODMzZmNlOGFmNjY5ZTkifQ:1qAyWO:ZJsN9GPZwkuFt_inhK-pw_bxFXt8Y6qasUKRwdSqkKg", "expire_date": "2023-07-02T19:57:12.963Z"}}, {"model": "sessions.session", "pk": "7cw5ozy7bjygw68c3hgb8hy093qeg2dn", "fields": {"session_data": "eyJjYXJ0X2lkIjoiNmI0MWFiMjQxMzIxNDMzMTgxODMwYTdiMTQ3MWJlZDQifQ:1q7fdt:iIRpYaucglBC6WXTpOi1hivDL50EY7zKQB2jeBEtLuQ", "expire_date": "2023-06-23T17:11:17.389Z"}}, {"model": "sessions.session", "pk": "7f7qsp03onn7birem2s6fwonlw4rxz5t", "fields": {"session_data": "eyJjYXJ0X2lkIjoiNTdhNDhiZWYwNTViNDc2ZmJmNWVlMjgxMTEwOWM4NzUifQ:1q7eoz:eG_8F2LaIgiilp9nBwucNWvzWYEeJhweB1g0acjGPpI", "expire_date": "2023-06-23T16:18:41.378Z"}}, {"model": "sessions.session", "pk": "7hgrnu3jprjwdg8pl1u8c2j6tphx5k7g", "fields": {"session_data": "eyJjYXJ0X2lkIjoiODlhNWZkOWMxMmY0NGI1NjljYzQwNjY4MzZmYjljZDUifQ:1q7zWU:teNVd3llDnPLofvqF1M6Evf7tsnw_3FrnsOsyo53n9Y", "expire_date": "2023-06-24T14:24:58.880Z"}}, {"model": "sessions.session", "pk": "7lo0kv0lbfok7wpkt3r6wmxrm2vlsy73", "fields": {"session_data": "eyJjYXJ0X2lkIjoiMjM1YjE4ZjZlMjQ2NDFhYWIyYjFiMTBhNWU1NTk4MzUifQ:1q8RXL:WLIlJy1m52z6OtDAAzw46DlXa5JTsnvSIMN8N5jjrJk", "expire_date": "2023-06-25T20:19:43.094Z"}}, {"model": "sessions.session", "pk": "7oqovkkfjp7udsc69qq51qjfsz15l1jr", "fields": {"session_data": "eyJjYXJ0X2lkIjoiNTY0M2FkYzNkMWU2NDk5N2JjODg0Y2UxMTliYjVlYzQifQ:1qC8E1:hQsSUX9Q51Ns_jEUkCUVzHAheGFcf-Ja10pZGzThEzA", "expire_date": "2023-07-06T00:31:01.469Z"}}, {"model": "sessions.session", "pk": "7s1k8370i7f7wze6vjwnutykjvezknqf", "fields": {"session_data": "eyJjYXJ0X2lkIjoiZTkwM2U0ZDc5NDc3NGFiMWJlNWQxZTkyNTEwODAxYzMifQ:1qCPyn:QH7oOnz5mO6qRI2ocW4V_h6_yRzA3-Qf1EU9Lu6V9G4", "expire_date": "2023-07-06T19:28:29.413Z"}}, {"model": "sessions.session", "pk": "822pcfxktzw0n03bvg5ju0bs0jbjvmqn", "fields": {"session_data": "eyJjYXJ0X2lkIjoiYjdkMzhlMTg5ZjhjNDU4OTkzODY3MjAwYzFjOTgwYmUifQ:1q7zMT:nb_BWGZIlVEJOaLCcNYYuz4om4W1kWXV-fjBNwk3Rig", "expire_date": "2023-06-24T14:14:37.162Z"}}, {"model": "sessions.session", "pk": "86t1gtl9so6vx29befmsf2jcjlwxfa8y", "fields": {"session_data": "eyJjYXJ0X2lkIjoiNjJjZGFiNjYwOTgyNDc1NTg3NzMxZTdhZDgxYmQwNzkifQ:1qCfJi:pweP5O35E2D3zIWtaD7pZ0OjxMErhk3sO9UkFqYL12U", "expire_date": "2023-07-07T11:51:06.520Z"}}, {"model": "sessions.session", "pk": "8cn7s3nh87q4xesrcrdozqgz84m944n0", "fields": {"session_data": "eyJjYXJ0X2lkIjoiNWYyNzQ3ZDgyOTk3NGJhZmI3OTc1NDM5MTNmZjFhY2UifQ:1q7PRx:gTuokszhVHWopIC5bd2-KWEyJwK8k4kfG4alRCsk0ZI", "expire_date": "2023-06-22T23:53:53.878Z"}}, {"model": "sessions.session", "pk": "8do9doo6fb1rtslwaqknapdou2bekztw", "fields": {"session_data": "eyJjYXJ0X2lkIjoiZDBiNzNjN2NjMWFkNDA2YWExMWYzY2M2ZmZiNTMxMWQifQ:1q7flu:SrI1UWRoaYK0DtLdrHMHJeBBN8GyfE3XX1m_Ba8BKsw", "expire_date": "2023-06-23T17:19:34.213Z"}}, {"model": "sessions.session", "pk": "8evxp053t442c2hl9yfx0g0wrjj17263", "fields": {"session_data": "eyJjYXJ0X2lkIjoiNDFiOGVmM2Y2NmYzNDUwMThkYjgyYzRiMWJmZWQ0MjgifQ:1q7gOY:C437FUoqaNoUWWSAcwjxYIwFfrbhp_8MIYd9kKNW36s", "expire_date": "2023-06-23T17:59:30.860Z"}}, {"model": "sessions.session", "pk": "8gdmn09nweyarxjjx2l7utd3azhx24w1", "fields": {"session_data": "eyJjYXJ0X2lkIjoiMzVjY2U5ZTM5MmRkNGViNzllNGYwZTRiNzExYTY1MjAifQ:1q7fnM:yAKepkNPj0GpaPQuWArAd892MoTmLcHH6F_ca9VfbJA", "expire_date": "2023-06-23T17:21:04.196Z"}}, {"model": "sessions.session", "pk": "8hik7y81wu4fvizqytf1ejnx9ep7u5vn", "fields": {"session_data": "eyJjYXJ0X2lkIjoiMmExNTNjZmU5YWMyNDkyOTgzNWI0MzBmMDRhNjZiZDkifQ:1q8RXC:GKwodLxHCtBj86CPgizfEE8feejvu6AxVKzZQScmkrw", "expire_date": "2023-06-25T20:19:34.440Z"}}, {"model": "sessions.session", "pk": "8jvooufukvmm0eh3y9ry16r68p33xeao", "fields": {"session_data": "eyJjYXJ0X2lkIjoiNTlhNTI3MzRlMTM0NDdhMGIxNDRhZDY3N2ZjZGMwNDYifQ:1q7zLY:EZeUvV-NFzR4Jwstv1BIObc3NFplPC4kGqSfxn21e9Y", "expire_date": "2023-06-24T14:13:40.678Z"}}, {"model": "sessions.session", "pk": "8ohr6jj20157tku1pb182snps2hfkh9z", "fields": {"session_data": "eyJjYXJ0X2lkIjoiNzM5YzdiOWIwNWJiNGE3OGE5NDQwMDEwNjI5MWY0YjIifQ:1qB1WC:6FgEXmxnrefdkuiHTz499Nx0YsQSPCkTw5WevOZUSPM", "expire_date": "2023-07-02T23:09:12.116Z"}}, {"model": "sessions.session", "pk": "8szx6a9b5uvoi6m1omnp3f8q42ju43ds", "fields": {"session_data": ".eJxVjDsOwjAQBe_iGln-ZXehpOcM0Xq9JgGUSPlUiLtDRJq0b2be2whPS9sXczFSmM_YKCrXBKp01phTAo8xNOjJnEzL69K166zTP_HHLbM8ddhAefBwH62MwzL12W6K3elsb2PR13V3Dwcdz92vJiQvEZAcCdaKsdEQiwYWYpboXYwhMUDNUB07yIlVc0IILmXnyHy-h91EKA:1q6ypM:WNY3Yw5fD_jzduFuQE8r6LbrbGLdW0r4CsqpWbFlpG0", "expire_date": "2023-06-21T19:28:16.778Z"}}, {"model": "sessions.session", "pk": "8u8l5imzr494kq89nrul9xi8ln1ehogg", "fields": {"session_data": "eyJjYXJ0X2lkIjoiYTYzN2FlZjM2M2E3NGY4NGEyZDMwMGY2ODAyZWM2YTQifQ:1q7g6G:E7R_v6YCzX4F7ZwEwDBXI8PUwWrfLX1bT-dYfcR-tMk", "expire_date": "2023-06-23T17:40:36.470Z"}}, {"model": "sessions.session", "pk": "8xrl0li6859mxi3g823q2tnlh3vei4wi", "fields": {"session_data": "eyJjYXJ0X2lkIjoiNmQ0OTg5ZTA2ZjY1NGQxNWI5Njc4OWU1NjM4YjM4ZjMifQ:1qC8Eg:RmKhe4agZvPJDfY18mEnc2rv7O4ZgmUBlZrGKQ5k92A", "expire_date": "2023-07-06T00:31:42.929Z"}}, {"model": "sessions.session", "pk": "914qej08b0aqxssdk3aaozrbb5ttg7a5", "fields": {"session_data": "eyJjYXJ0X2lkIjoiZjgyZmYyNDg1NTdjNDdmYWI2OWM1NzQxMTllZTcwOTQifQ:1qCfHo:XZevCPzPcN1f_5lGQj8TcfgUqFU5W7N4GIwCBkkajQA", "expire_date": "2023-07-07T11:49:08.817Z"}}, {"model": "sessions.session", "pk": "94hdfchp62mhtxm8sc2r3ny6lrqm2c51", "fields": {"session_data": "eyJjYXJ0X2lkIjoiOGE0NGVhMTM2NTFiNDM3NzhiN2YxNTIxN2I1ZDI1ZGQifQ:1q7fb5:gDgtDZ6UKQZsK0ehbHhPvUB6sM8nYYRHAQ22jeXbAeg", "expire_date": "2023-06-23T17:08:23.997Z"}}, {"model": "sessions.session", "pk": "9547e8yyijlmxradoalxw7qcc2zzg92o", "fields": {"session_data": "eyJjYXJ0X2lkIjoiZDdkZGNhNmVjZTY0NGZhN2FhMjU1M2VjZGFhYzQ0YTcifQ:1q7gBf:M1qx_SYybh1AJ9XoXuilTuNs-xXFfFyt9iXljQ5gpBQ", "expire_date": "2023-06-23T17:46:11.250Z"}}, {"model": "sessions.session", "pk": "99bv8fmj2zxnz1ra9yk5gpvdju5n0cvs", "fields": {"session_data": "eyJjYXJ0X2lkIjoiOTk1OGVkYzA5Mzk2NGJlZTg4OTRkZWMxOWJkZTk4MDkifQ:1q8Rbf:aPFYPmtyeD9uUxVnpHliYHweKOw1VSVWEqBqdWTUs8I", "expire_date": "2023-06-25T20:24:11.796Z"}}, {"model": "sessions.session", "pk": "9btygsd1lk35eo1e2l9zhg0jedp6jb9g", "fields": {"session_data": "eyJjYXJ0X2lkIjoiOGYxZGRhNzA1ZTMyNDJiYzlkOGYzNDQ0MTcxMDNlMDQifQ:1q7ed7:BZQ6gf_oeeDfUvL46sflpJaBEF1Hc5DFLopAu_Yu1E8", "expire_date": "2023-06-23T16:06:25.026Z"}}, {"model": "sessions.session", "pk": "9iiwdsgin5buvvg38ov6qpykqwmp4qym", "fields": {"session_data": "eyJjYXJ0X2lkIjoiOGJiN2MxMmU5MDc5NDE0ZTlhY2ZlNjVhZjA4YzRlOGYifQ:1q7ec7:_jP_u9SFlpNC3D-HmtXyvjRkC0mSqO7quHJgwwpB1VE", "expire_date": "2023-06-23T16:05:23.476Z"}}, {"model": "sessions.session", "pk": "9m54ztny8965prwwfzxy2bnysxva0yeq", "fields": {"session_data": "eyJjYXJ0X2lkIjoiOTIwNDQ1NmE1NjI5NGJkN2JmYzc2NTg4MGM5YzBkZTMifQ:1q7yU5:PxWo4fUAiZHyKE_YIvYQPFnDDWYK0oiM-WaqDPJEOk4", "expire_date": "2023-06-24T13:18:25.822Z"}}, {"model": "sessions.session", "pk": "9nbg20youcyd1ntmctmavrewabmx87yx", "fields": {"session_data": "eyJjYXJ0X2lkIjoiYzg5YTFlZjJiOGQ4NGRkZGJkODlmZGZmNDFlZjQyOWUifQ:1q7zZC:6be83hDXukkSuQf06_b5pH_TTpotIAwlCjaoxA124vg", "expire_date": "2023-06-24T14:27:46.238Z"}}, {"model": "sessions.session", "pk": "9osfedx6c7ry3yy2nsluokdi9a9zoelq", "fields": {"session_data": "eyJjYXJ0X2lkIjoiZWJjYzA1NzNkNzM0NDhhY2FjM2VlMWFlNDY2NDk5YTEifQ:1q7zrz:UXovLPjcgDj__mGXh9ugd8cZcS41-7LzGNqif5u9aps", "expire_date": "2023-06-24T14:47:11.614Z"}}, {"model": "sessions.session", "pk": "a2ljztteyo93k66iewdw4123nczbz1x0", "fields": {"session_data": "eyJjYXJ0X2lkIjoiYzRkYjRjZmUyN2IxNDM1MThkMGQ4Mzc1MTgwOWJlNzcifQ:1q7Wa8:nOYgr-LJxI3xNTE3hCIooMfBNjCSRTLV72O-AoktWpo", "expire_date": "2023-06-23T07:30:48.426Z"}}, {"model": "sessions.session", "pk": "a9mltaxladctd5mk6x9gxvpzvz61dw74", "fields": {"session_data": "eyJjYXJ0X2lkIjoiYjE2ZWQ1NDZiYjcyNDMyYTkxNDA1OThjODI4Nzk2OGMifQ:1q7fBp:z8v-aG2s5zg3Zgbw8bFtvkvTy1n6S12ZML21nRMQZGs", "expire_date": "2023-06-23T16:42:17.012Z"}}, {"model": "sessions.session", "pk": "abz5exrf86njj5qkl751urnygd0lreih", "fields": {"session_data": "eyJjYXJ0X2lkIjoiNGZlNDRiZjFjYjZiNGYzODk1ZWQ1YWU4YTQ5OGEyYTIifQ:1q7zWd:Hb3m0QUv7drYRGn5tQ1zzfn88RHJzKs5TCVrMEUWLuU", "expire_date": "2023-06-24T14:25:07.728Z"}}, {"model": "sessions.session", "pk": "adsjc8x0po9qon3nwhou11vludewcxbk", "fields": {"session_data": "eyJjYXJ0X2lkIjoiMzczZjdhOGExMDY4NDQ5NTkxMWVkMGI0OTA3N2Q5ZDQifQ:1q8RXC:657G5Pw3U10f063mc5b5K4Ei9W34nvIgYUbsmea77ZE", "expire_date": "2023-06-25T20:19:34.769Z"}}, {"model": "sessions.session", "pk": "afcclv9wnkfk4fvnzs7skw3fqiqpfipj", "fields": {"session_data": ".eJxVjDsOwjAQBe_iGlnr764p6TlDtPbaJIASKZ8KcXeIlCbtm5n3UYXntRtEXZURkyoRUxLvwUlKhMgYmgTEYFhdVMfb2nfbUucjOW-Zy6uOO5Anj49Jl2lc5yHrXdEHXfR9kvq-He7poOel_9eEZIqLSEAFW0MXqnVSLRdiLs6Ac9ZzjC3HBgwxe641e4wWfAYg9f0BGYxDpQ:1q7Hso:JJuIjYDdJ-oE23XoT8S9Jtg7u_Gh0Nq-KQsXl9y_iZ4", "expire_date": "2023-06-22T15:49:06.634Z"}}, {"model": "sessions.session", "pk": "amvso7ixkrcdq31ejc0vqrcp0inp59cj", "fields": {"session_data": "eyJjYXJ0X2lkIjoiODFhNGNhNjFkZTBiNGNkZGEzNWMwYTFjODg2YzU0YjcifQ:1q7gNp:nCHShKyMAaaUUUqUfSyyiJlo80GR9DySSPUZgu9x_ck", "expire_date": "2023-06-23T17:58:45.881Z"}}, {"model": "sessions.session", "pk": "an8k4xioz3uuaj10s9sz8zfok42hdx93", "fields": {"session_data": "eyJjYXJ0X2lkIjoiZmI0NTdiZTc2NGUwNGJhNGI1NTQzNTBhMTJhMzg2YzIifQ:1q7g68:e-KUwcuIUAwCagJVxN6yIxwcGyAWnkaV48siQFbXiFw", "expire_date": "2023-06-23T17:40:28.166Z"}}, {"model": "sessions.session", "pk": "anmxh9f979fnl26zk6fgpepofmdcu1i0", "fields": {"session_data": "eyJjYXJ0X2lkIjoiMDBkN2RjZWMyZGFjNGFiMmJkZDBlMTdkNjAwNTA1MjcifQ:1q7zMn:rWX7xfng7chC4wboR3261IqcELJSoVNpthm9kWgKYq4", "expire_date": "2023-06-24T14:14:57.311Z"}}, {"model": "sessions.session", "pk": "anwskbol2svkvisvmsaowb6f4ukqs39l", "fields": {"session_data": "eyJjYXJ0X2lkIjoiYjkzNjkzNTJlMzAzNDcwMDkzZWZiMjNlOGNhZTUwYTcifQ:1q7gwC:egBLMaIEAR73CzwZyqgJsw4Z6MsvkU9hnfV3xni3bDI", "expire_date": "2023-06-23T18:34:16.752Z"}}, {"model": "sessions.session", "pk": "assx7xg4e71j8o8nsp5avckz0v13pwnp", "fields": {"session_data": "eyJjYXJ0X2lkIjoiOTM0YjA5MjQ0NmVjNDdkZjgxOWZjODQ5NzNlZTQ2NTkifQ:1q7fYN:gKezigYi2tqHYNiWqgy7yOmDb0oQPjGjoVNFO55gmUU", "expire_date": "2023-06-23T17:05:35.955Z"}}, {"model": "sessions.session", "pk": "aubiydq6lk01d2h4exyttzkf80r0cmyv", "fields": {"session_data": "eyJjYXJ0X2lkIjoiNzkwNjgzNmMxN2ZkNGRlM2IyY2Y0YjY2NTY5YjY4ZjUifQ:1q7g1y:cvUiG4jvQd-yw0kB26DF7Dlndx39u-kRB6G2ZDrm7cg", "expire_date": "2023-06-23T17:36:10.648Z"}}, {"model": "sessions.session", "pk": "augzd1dqiwnbg6rmih4taxjhlmuemrz8", "fields": {"session_data": "eyJjYXJ0X2lkIjoiMDczMGE5NmFkM2ZlNDczN2JmODc2NjQ5YTczNTI3ZjgifQ:1q7feY:Y5WpLkGqVGQNzedvYtASl9J-t-0Qqa6pOyDz9TqUbfk", "expire_date": "2023-06-23T17:11:58.007Z"}}, {"model": "sessions.session", "pk": "auzzb1xgw96jh1d969bui2wdur4kdq8l", "fields": {"session_data": "eyJjYXJ0X2lkIjoiNjk2NmVlYzhmYjAxNDA0NGEwNWI2NzU3ZDYxYzk2ODUifQ:1qCfHo:rPwsZ0VcHiqz0-ewM9MXysNnt1BM1IXvSO7u146d6Go", "expire_date": "2023-07-07T11:49:08.623Z"}}, {"model": "sessions.session", "pk": "azkdz1qjesuauuqrav91d61opjsnoy3b", "fields": {"session_data": "eyJjYXJ0X2lkIjoiMTk5YTA3YzMwOWM5NDI1MTgxYjBlMjliZDUzZTk2YjAifQ:1q7flr:-8V0U0tzMaDgK8D1uOOjSBG1G_bv_Gs6VVfYjOB8nC0", "expire_date": "2023-06-23T17:19:31.208Z"}}, {"model": "sessions.session", "pk": "b0i3ricxzalw34hk6dqx0psw7o1556iz", "fields": {"session_data": "eyJjYXJ0X2lkIjoiMDBlYmMzMTk4MzMwNGJkM2E5Y2VkYzc2Nzk4NmU5NzIifQ:1q8RjL:BhILikjRDPQyVmEh0qWnSZWJwahS11ue4oJMlryJSH8", "expire_date": "2023-06-25T20:32:07.166Z"}}, {"model": "sessions.session", "pk": "b1d2cqmbsg182dbvl4fs5142qjv5qyxw", "fields": {"session_data": "eyJjYXJ0X2lkIjoiMGVhMTBiM2RjNTRhNDFmMGIzMjVmYjI5ZjcwZmIyZWEifQ:1q7XrB:e3jnFvUiE04HoMwhafjABH_nu2W8Wq1zRSZi17aYQBE", "expire_date": "2023-06-23T08:52:29.791Z"}}, {"model": "sessions.session", "pk": "b1jqjabuuq60n7xhwli0bmhmhbvunzz8", "fields": {"session_data": "eyJjYXJ0X2lkIjoiZTYyZjgzNTY4ZjdkNDNlNWJlNWQ2MzgxYzQzNThmNDEifQ:1q7eQr:g7Q2Vct7J4YBFmZIwzueGoYUogK7If5Y3RJCtZzu_nY", "expire_date": "2023-06-23T15:53:45.547Z"}}, {"model": "sessions.session", "pk": "b2kowxsiz6uh062o8yuvhtkfln6ot2dy", "fields": {"session_data": ".eJxVjk0OgyAQhe_CujHCDAjdtRcxwwxEU4OJ4qrp3autG5fvez95b8W01H4UdVecOgvk0OcQMBmKxrUQxEanjW8lqpvqaatDv61p-VfgyiLxK5XDoGk6cEPM81Zq88uc9to8dpVKHZnqOJfn2bpMDbQO-04MaAnFkzCJ2ATOIgEgQGhtzFYIozHWEHpxQXdesjaaM8e0X2ZQny--n0kk:1q7HN8:Xa36Sk62ySUuB7jr__m5WmeZrjLxrw-WhjBRz7osi4E", "expire_date": "2023-06-22T15:16:22.811Z"}}, {"model": "sessions.session", "pk": "b3le3bebaba4i0nnftiez0uaf69d660g", "fields": {"session_data": "eyJjYXJ0X2lkIjoiNzhhYjg5MzViMDczNGFmNmFkZThjMDA0NDc1OTQ1OTUifQ:1q7g67:QnVNHNpRERHckWtJxH9riDX-SehCECdwJ4QjAWQWZA4", "expire_date": "2023-06-23T17:40:27.934Z"}}, {"model": "sessions.session", "pk": "b6mdcub1hh12xt33a2nbdr0dip9q3e85", "fields": {"session_data": "eyJjYXJ0X2lkIjoiYTM5NTU2MjhjOTRjNDY2YTg3NzU0MTlkZDhlMTVmZTQifQ:1q7rqn:oynxJjqk4k-Zcchy2gAXlvCb8sw-nCO5uRUjZmDwEIo", "expire_date": "2023-06-24T06:13:25.201Z"}}, {"model": "sessions.session", "pk": "b8jlqiwn7uat71qmejju2hv10vu2gwl7", "fields": {"session_data": "eyJjYXJ0X2lkIjoiODI3ZDdlZjUxODU3NDMzYmFiN2VjNzc1NjdlNjIxYzEifQ:1qCGTl:XOOsBavoCnPKf97e68bMyh71HXfn6i7MbXbVwSbhDKI", "expire_date": "2023-07-06T09:19:49.332Z"}}, {"model": "sessions.session", "pk": "bfuiiu8tnmwfy6kdqohoaifui75r7mkx", "fields": {"session_data": "eyJjYXJ0X2lkIjoiZTRjMzFkZWRkOWZlNDhhZTkwYjI0ZWI2NTNkYjAwZDQifQ:1q7gBn:RXMVgKTlRuxafzBWDCq0QXESVpPBIPIUp_imbX2NP7c", "expire_date": "2023-06-23T17:46:19.410Z"}}, {"model": "sessions.session", "pk": "bknl8oaitj3pmyd6is0bgobxkajuwkl8", "fields": {"session_data": "eyJjYXJ0X2lkIjoiNzY2NjA5YWVkMDU5NDA4ZmE4NTI2YzgxY2Q1ZjE4YTEifQ:1qCfJi:cW8LsaZ055appWKOfU6EA8KPCv--ktmKxLb0QHM8PQc", "expire_date": "2023-07-07T11:51:06.328Z"}}, {"model": "sessions.session", "pk": "bv3awnsmr9rvu87zy3osr5dqc7fj1n5u", "fields": {"session_data": "eyJjYXJ0X2lkIjoiMjU4NDhmNGYyMjE3NGZiNWFjMzBlM2E1NGJlODI1YjcifQ:1q7X1s:5iIEt3LeI68jM2nD-eNK1_XTIrkF36pQMpDpGZByrVI", "expire_date": "2023-06-23T07:59:28.962Z"}}, {"model": "sessions.session", "pk": "c03aap581lab3rkdaoy2yqnwpqh61g9i", "fields": {"session_data": "eyJjYXJ0X2lkIjoiMDgxZTliNzkzNWViNDY2MGEyMTZmNTE2OTAwZDA2NzUifQ:1q7faE:0oRV0WKedlxB30zS-shZbKWW1mhjaFMP4OokOJyuBpY", "expire_date": "2023-06-23T17:07:30.186Z"}}, {"model": "sessions.session", "pk": "ch6da9eecowkxq3jsfjeoqa6e53csygh", "fields": {"session_data": "eyJjYXJ0X2lkIjoiNmFkNDc0OWZjYThiNDBkZjkyNzQzMzE2NTY3YjJlN2UifQ:1q7hTH:N_-v8DOcnXEQTxKAyHVofBkQN8FIWkFbw8cAlE_WDzg", "expire_date": "2023-06-23T19:08:27.263Z"}}, {"model": "sessions.session", "pk": "cn18lf1l4akfk0fjfgdiynu4loz0jhyg", "fields": {"session_data": "eyJjYXJ0X2lkIjoiOWMxMzc1MWQ1ZDg4NGVkOWE0ZWYyNTM5NGNkN2FkMTIifQ:1q7Yqi:VxQiogtU2JyhCSQCmHxW7bDoy0Lpcbe--ANOWHeD7fo", "expire_date": "2023-06-23T09:56:04.589Z"}}, {"model": "sessions.session", "pk": "cnqdte5zjjt8dzfldubfv8avue52wmp9", "fields": {"session_data": "eyJjYXJ0X2lkIjoiMzgyYmIyZTUwZDJiNDEzOWE5ZjNhYjcxNzQ3ZjI2N2YifQ:1q7zSr:2IW_g2D_1Pmi3Q02c4JJuIySHj5YnljrjPGeurFrmAM", "expire_date": "2023-06-24T14:21:13.372Z"}}, {"model": "sessions.session", "pk": "ct6rwmpw42fyzpry4anqj01o3647qh5k", "fields": {"session_data": "eyJjYXJ0X2lkIjoiMzNlNGYxNDk1ZDYzNDhlZWIxNGE5ZTg5NzE0Y2RhNTEifQ:1q7WIt:CQonbZNmRIjS_wdJx7fOqhlryPhc8On44PkE29z9hDI", "expire_date": "2023-06-23T07:12:59.095Z"}}, {"model": "sessions.session", "pk": "cwbldc027kxm8yxagylfygujvkkunfzx", "fields": {"session_data": "eyJjYXJ0X2lkIjoiYTNiYWRmZjAzNzA0NDdlNThjOTg2OTM3MzU4OTk0NTEifQ:1q7flx:xS1kpqT9PiXi9i-nA01mXhB2oty22WTMPLtZtobvAKY", "expire_date": "2023-06-23T17:19:37.370Z"}}, {"model": "sessions.session", "pk": "cx5v5c9rviqdr7ailebv3ypb04hp9k1h", "fields": {"session_data": "eyJjYXJ0X2lkIjoiNjNmYmZmYjFkNjE4NDIxYWI2MDA2MjQ5MDZhYzE3NDIifQ:1q7fYG:j3ptvOzAjvThjM-tohy896QxMZIiXkS2PaVI9N9X-Bw", "expire_date": "2023-06-23T17:05:28.972Z"}}, {"model": "sessions.session", "pk": "d3fgqrfka7uniwn42n2w8ch55me4yrir", "fields": {"session_data": "eyJjYXJ0X2lkIjoiOGM3MDhiNWFkMWI0NGI4YjljMmE5OTVkYTlmYjNhZWUifQ:1q7fWF:Xxk4rJ7mSgbkk0FqKxFDl99ySSrp1V6MJFWM-TgOAOA", "expire_date": "2023-06-23T17:03:23.314Z"}}, {"model": "sessions.session", "pk": "dcojjpqum3otso7h0ingl9x25bw9xox1", "fields": {"session_data": "eyJjYXJ0X2lkIjoiNTQ1MTEwMGI1YTg0NGViYjg4ZjVlZGU3ZWZlMWVkMGIifQ:1q7ed6:GrnAN77jxZo6MGjYu-9_CB71szJYHfJQGDdUDftwgCE", "expire_date": "2023-06-23T16:06:24.642Z"}}, {"model": "sessions.session", "pk": "dg5xn75n57208lrdw69p75m5knttq9h4", "fields": {"session_data": "eyJjYXJ0X2lkIjoiNTlhMjdkYjA2NTdiNGUzNDg5ZWZkNTIyZjg0OGVlMjQifQ:1q7gNh:yE1h58OWyRxKy2mYIqhAN74TA_M1EUmPqi-L8U9WgwU", "expire_date": "2023-06-23T17:58:37.132Z"}}, {"model": "sessions.session", "pk": "dgg3pnvtkan563rm2fx11ysm4t5khq7k", "fields": {"session_data": "eyJjYXJ0X2lkIjoiNGQ5NzMwZTEwZmRhNGU1YWFiOGJmMTBkZDE4NjFiODYifQ:1q7hqI:jRDZkkWIhiKm21WUwmFGIORnhMC4ntTW18nzP2nGEmU", "expire_date": "2023-06-23T19:32:14.068Z"}}, {"model": "sessions.session", "pk": "dkv9vgiu9rr07fklntsftdjo9blx9plj", "fields": {"session_data": "eyJjYXJ0X2lkIjoiYmQyODA3NDA5YjE4NGNiMGJjYjU5MjRlMGU5Y2YwMTAifQ:1q7zWd:qOwOfuhHo-DOTVLb32w-8-HGwfAfoFn3UNFhyg3xQiI", "expire_date": "2023-06-24T14:25:07.610Z"}}, {"model": "sessions.session", "pk": "dtsfx41v5nrtxejv2trw4iu9xiokwrff", "fields": {"session_data": "eyJjYXJ0X2lkIjoiMDA2MzM4MmVhNjIzNGVjMGE2NjA4MzAyZDk3Y2M1ZjQifQ:1q8RXI:EiOojjT1T0Amx78UXo1iPUm-HZVAmf6RDeZgYL64DHE", "expire_date": "2023-06-25T20:19:40.720Z"}}, {"model": "sessions.session", "pk": "dzp1pgfiri0dqvfrk8gbohunmbmnuvww", "fields": {"session_data": "eyJjYXJ0X2lkIjoiMDRiYWUyYjI2MmI0NGQxYWIzOTVlMTgxMDgxNTU0MWUifQ:1qCYwo:u6KHybIxLyvGF_O3PZ9RZ2R56W2lqZCoA-rgtOgvvvg", "expire_date": "2023-07-07T05:03:02.034Z"}}, {"model": "sessions.session", "pk": "e1jbrz8rfsb1e9gbuir2uetck4xzw9q7", "fields": {"session_data": "eyJjYXJ0X2lkIjoiODVmY2JhMjg0YjYyNGJkNGJlMTI3MjAxYWJjYzM5OGIifQ:1q7feX:iBqOqgmPHNmfbksQzjsmmhswT5hMF3lNd6jrY3rDh5c", "expire_date": "2023-06-23T17:11:57.703Z"}}, {"model": "sessions.session", "pk": "e6j7hfmtj4lwqk62zh6zc1eozvttex87", "fields": {"session_data": "eyJjYXJ0X2lkIjoiZWY2Mzc3MTdiOGI2NDk4ZDk2ZTVmZjViZGFiNTVhYjEifQ:1q7g1b:X9KjTRe_EIi7jYCvpwjqpwv0o2UVcMoZ1SYVd3Ielu4", "expire_date": "2023-06-23T17:35:47.726Z"}}, {"model": "sessions.session", "pk": "easei5ndtdn86az8faje2y6golt0zg7q", "fields": {"session_data": "eyJjYXJ0X2lkIjoiMGIyMTQxNWUzNzViNDZkY2FhNDcwMTZjZTJkYmJlNWYifQ:1q7fdm:uvnK4aC65PEyv4HyD7v_EEHsEyNBaIhm-8MIB_Rz8ro", "expire_date": "2023-06-23T17:11:10.810Z"}}, {"model": "sessions.session", "pk": "edmhwpvc32f0k7mis9a95y3x8efy9tgk", "fields": {"session_data": "eyJjYXJ0X2lkIjoiZjBjMjg3Mjg0MDM3NDE2MjgyZjU0ZmFjNDE5MTgwYWQifQ:1q7fBp:AAQxQH8r5TlibxOQ9Zc2-eHqz1v7NddBqt4XCMOf_Gc", "expire_date": "2023-06-23T16:42:17.096Z"}}, {"model": "sessions.session", "pk": "efnw6jnvlby1brtflsfzii5yi5y3hmnc", "fields": {"session_data": "eyJjYXJ0X2lkIjoiMDJhMGU1ZjE1NDZkNGRkNGE3ODc3NTdhOTFhM2IzZWQifQ:1q7fdd:ACfnYsItRHcF3vvbFdiUdgfYxMC13CjYrsQKLGbO-Bs", "expire_date": "2023-06-23T17:11:01.994Z"}}, {"model": "sessions.session", "pk": "ehdvzi57zvyhuut0ud9sowvv94uefafw", "fields": {"session_data": ".eJxVjkkOwjAMRe_iNapKm8ns4CKR4zhqRAhSm7JB3J0C3bD809N_AtPcfI5wgiEFJHYhshsUag7H3oQgqHE0jHiEAxDzfa3NP2TOKUv0cqNc4FTXUg7gaW2TXxeZf0AFf14gvkr9BFTKx-52XPft7PHSnTcltWWmlu_1sq_-UBMt08bZ7hLpPiFbi4E1JXFIKCgiyhoXMVmDo3VpIKMVW6VFxzhYo1waReD1BnaCVUc:1q7OXp:bTFJYz5INdMTDfnDR3dl3-urmp3GM6TkIgqi7oConBA", "expire_date": "2023-06-22T22:55:53.311Z"}}, {"model": "sessions.session", "pk": "ehgb9xfwvdrey5vmeuiq6qqvq682y7h0", "fields": {"session_data": "eyJjYXJ0X2lkIjoiMGU5NmY4NjdkYmZiNDYyMDg0ZTQ1Zjk0NDM5ZGNhYjgifQ:1q7fa7:foT-8YerUOyaUz59vYmJ4J50Va21ZXIEY0iMvsm8D7o", "expire_date": "2023-06-23T17:07:23.419Z"}}, {"model": "sessions.session", "pk": "ekdop6fg3p2jjzqcqr2nvfx5nvplx6fe", "fields": {"session_data": "eyJjYXJ0X2lkIjoiNTgzYjI3MjdjZTZjNDEyYTkwZmMwYWI2MTVjMmU4YTUifQ:1q7faE:D4Bx-f2LcqqrZW26M097grvLhyIrNWlygzHhhgunrY4", "expire_date": "2023-06-23T17:07:30.062Z"}}, {"model": "sessions.session", "pk": "ezv13ss8ogcr1y1lcpive7lgybl7v4vg", "fields": {"session_data": "eyJjYXJ0X2lkIjoiMDljMTNiYWNlY2QxNDA2NzgzMjdjZGE1MDlkMThjNjcifQ:1q8RXC:20Jqchucwqh9wU1YU7hP52MicmNwSJK_cbeyXzIFRaU", "expire_date": "2023-06-25T20:19:34.452Z"}}, {"model": "sessions.session", "pk": "fg8see4c05764ys17v4q70w2rbqyjeeo", "fields": {"session_data": "eyJjYXJ0X2lkIjoiYjEzY2ZjYjM0MGFkNGQ0Zjk0MjYyZjYwODRjZmJmNzAifQ:1qCGTp:Qsni9VFKLSVYdgwVh_uLXQOjfz2R__FeFddQONvW38I", "expire_date": "2023-07-06T09:19:53.055Z"}}, {"model": "sessions.session", "pk": "flgx5qpihccj6g5p3toue9ww302egrde", "fields": {"session_data": "eyJjYXJ0X2lkIjoiNzJiMWVkYTVkYjQ4NGJmOWI5N2ZkMGQzNzZkYzdkMDQifQ:1q7hqN:_fgog_b46rjwK4dhMtIax0aFh-gDJU9-9S0TdnsbmlE", "expire_date": "2023-06-23T19:32:19.652Z"}}, {"model": "sessions.session", "pk": "fs8x8q9kzkjcttrx394pyv70cgtisp9z", "fields": {"session_data": "eyJjYXJ0X2lkIjoiODRhZTgxYmE5NDI0NGQxMDgwZDYyM2I1ZjU0ZmIyNDgifQ:1q8Rja:HN9ydjCmBUFMAMOuTZkoER--FLWXMz6VBoDfbPqwv2M", "expire_date": "2023-06-25T20:32:22.337Z"}}, {"model": "sessions.session", "pk": "ftjm6nca000iq9814dp1fy83o52zv7fv", "fields": {"session_data": "eyJjYXJ0X2lkIjoiNTdhMGM0NmE2NTg1NDUxNTk5MWRmMWE3YjA3MDUxN2UifQ:1q7flw:s9g15dBgLt2NJ3z1frYvF__DDQc8HaGcBqFO4nuqgeA", "expire_date": "2023-06-23T17:19:36.830Z"}}, {"model": "sessions.session", "pk": "gdvqj69zk7ubh4sp3lqjtbkqct6aniti", "fields": {"session_data": "eyJjYXJ0X2lkIjoiZjZmNjk4MzhjNzY5NDhiNDgwMTU0MTZhMTlhY2UwNTcifQ:1q8Biv:lt8T02-lYrBw0fCy9R3i1cAHTcHKjJvasWek9iBitMI", "expire_date": "2023-06-25T03:26:37.919Z"}}, {"model": "sessions.session", "pk": "ghxwdlo74gj1q9pgl7ete4b6ju03p9cl", "fields": {"session_data": "eyJjYXJ0X2lkIjoiZWEwN2YyZTM0ZjFkNDExZjkyNGMzMTc1ZmFmNGM1MzEifQ:1qBL71:oGKS_W2L1mnHM5few4cCmPD8pY3Tgv1Zq1IIkZdtRWI", "expire_date": "2023-07-03T20:04:31.607Z"}}, {"model": "sessions.session", "pk": "gi0pzd0mawoze65hp9783p4msvjvi8wy", "fields": {"session_data": "eyJjYXJ0X2lkIjoiMjY1ZmJhYTEyMjcyNDJhMGI2ODQ1MGI1NDBjNGIwODAifQ:1q7cow:KeEzIoUD3CeHIt5ip8qmaiUkwE48A7hqlDe5O3JBR5I", "expire_date": "2023-06-23T14:10:30.284Z"}}, {"model": "sessions.session", "pk": "gmc1xxuja9o8obh52l9wauq21sh88bms", "fields": {"session_data": "eyJjYXJ0X2lkIjoiODJiNDY0NDc1OWM1NGVjYjk2MWQ3ZDVkMjQ5ZGYwZjEifQ:1q7zWO:JPzDOH4Kv50qx80nvmrb0ID6WBDVh1mWl7-EFSZoWHI", "expire_date": "2023-06-24T14:24:52.909Z"}}, {"model": "sessions.session", "pk": "govy17l8urvdfifrnu850wcs6ut1grwu", "fields": {"session_data": ".eJxVjTsOgzAQRO_iOkLrD_aSMn3OgHbX60ASgcSninL3gEJDO2_ezMcITUvbZ3M1yZLNPmCj1oaMEaVwwyA1ESWExlxMS-vSteus01-x54xJXjrsID9peIyVjMMy9Vztleqgc3Ufs75vR_c00NHcbTYmtOLjdoqSSkm-VuezOhIkEm_BexcoxsKxAEHkQKocUnQQGADN9wdppkQX:1q6yQn:l7E1IdAMW9Dl94K8W4Lg7_nz6_TCTUDVYJQjf1Vxbsc", "expire_date": "2023-06-21T19:02:53.928Z"}}, {"model": "sessions.session", "pk": "gsneeqldpdmvsgebl1u05thi6iqtxopr", "fields": {"session_data": "eyJjYXJ0X2lkIjoiMDc5ODBjZTMzMzhjNDg4OGIwMjcxMGFlNWI4M2YyNjgifQ:1qCj02:bvBhitHtDLgSCvjTDoPuWqoFt7Q8-44xh--l7JvlTIs", "expire_date": "2023-07-07T15:47:02.185Z"}}, {"model": "sessions.session", "pk": "gxb0xn8tzuv3rh3waclf9bh4z0sljpju", "fields": {"session_data": "eyJjYXJ0X2lkIjoiZGE0ZGJmYTMwNGJiNDRiNWI4Y2FkZDFiYmE2NTM3YzUifQ:1q7gPS:RPLXnACusIHTqJZYspEJqjLyGaF6Kua5mydWMMj-hew", "expire_date": "2023-06-23T18:00:26.034Z"}}, {"model": "sessions.session", "pk": "gxfiuks1931fddrmqextbli3mcufs1pl", "fields": {"session_data": ".eJwVjD0LwjAUAP_LmztI2sams5uL4CAoEt57TTTSNiEfU-l_N90O7rgNGGPWboIRWklqUGRb6qkzdqCzEJOQynZEvTkxNJA8O5yR2Zc165QxGxhfG4To2aRUJ7P_uPUo2YfqoCKW_NUBIy5HAHsDj_vvaa8XybdQ4L3_ASLiKwY:1q7cl5:IGno4JBKEK7fbqZBI0qNUJLA9BP7Jk4rXUBXkV7-glQ", "expire_date": "2023-06-23T14:06:31.046Z"}}, {"model": "sessions.session", "pk": "h0ve8bky9mq5yvavayfrmcxtkgu063ic", "fields": {"session_data": "eyJjYXJ0X2lkIjoiMTQxM2ZmMmIyYTc3NGE4ZDk2ZjNiNjk2NzI2NWIzZjYifQ:1qAyRP:5A9K-MnjLQHFtsXy0bMAvAQKFhTr54Z0RJ6HPDlfkYU", "expire_date": "2023-07-02T19:52:03.127Z"}}, {"model": "sessions.session", "pk": "h6pyn9sx8wdtuwd89uyb6jvi77py3rrq", "fields": {"session_data": "eyJjYXJ0X2lkIjoiMmQyZTlmODJjZTYzNGI0NTk1MTZhOWZjY2NkMWU4Y2MifQ:1q7gNq:5aLyw1Cu_QeCNvgfWOKIO6DQgj7zxNY-HIoqY67d4WU", "expire_date": "2023-06-23T17:58:46.150Z"}}, {"model": "sessions.session", "pk": "h7du80bo0uukaotvpicma1o08qab6hfq", "fields": {"session_data": "eyJjYXJ0X2lkIjoiNDY1ODI2ZjFjNTNhNDAwYzk1OTU0Y2YzZDA5NDg5YTcifQ:1q7WbE:eT-AsLwEemsipw5btzcdbHZ8UPBwN0irFpWSvDuNa60", "expire_date": "2023-06-23T07:31:56.983Z"}}, {"model": "sessions.session", "pk": "hjy5o3uzgtvj2bafzp2dw1b19q9o9n15", "fields": {"session_data": "eyJjYXJ0X2lkIjoiYzk3YmY0OTdmMmQyNDAxZWJiN2UwNTk3NzFiMTliN2MifQ:1q7yU6:_YmBH-IvCmA4lS43QTP3M3BPVKf9yubgBRK2agKSEeE", "expire_date": "2023-06-24T13:18:26.088Z"}}, {"model": "sessions.session", "pk": "hkg78t0ij4oir3hgt919dhlz6aoxi4o2", "fields": {"session_data": "eyJjYXJ0X2lkIjoiZWUxNGIxMDkzZGU5NDU2OGIwNTQzMmY0YmFhYmI5ZDkifQ:1q7Q8D:3Sslp4al5EZrBEzdISadjUBqqmWYSKaslo3D3Tn6rzs", "expire_date": "2023-06-23T00:37:33.172Z"}}, {"model": "sessions.session", "pk": "hl6uldihdd1h79cl4ru89rlbvivfc2on", "fields": {"session_data": "eyJjYXJ0X2lkIjoiNjdiZjk1OTU3OTAxNDViZjg4ZDBiNmQ5MjdmOGJlOTMifQ:1q7ebH:vFSuF1jPNWvfFr1bNMWQUu266F_H4RvUSN3T5vZMjiY", "expire_date": "2023-06-23T16:04:31.600Z"}}, {"model": "sessions.session", "pk": "hleduua0j2modfo9nmetr9zlhk7btsj4", "fields": {"session_data": "eyJjYXJ0X2lkIjoiZTk0YTE5YjMyMGYxNGMxY2JkNDA2ZWJmMWU1NDM3MzgifQ:1qAyRP:lsxxOLgKee4D5ESE8_ruvTBluMgSZMsdRx9iisaoVAY", "expire_date": "2023-07-02T19:52:03.113Z"}}, {"model": "sessions.session", "pk": "hm7n00juo1t0og273hpkjf0w45j4p33p", "fields": {"session_data": "eyJjYXJ0X2lkIjoiZWE2YjkxNTk2OWU0NGE2Mzg1MzcxYTk1NTczM2Y2NzgifQ:1q7g6N:FUkHvNW3-R3WtNL_tBXWQNWCJBf4IA2eqaRnnpOHpKE", "expire_date": "2023-06-23T17:40:43.701Z"}}, {"model": "sessions.session", "pk": "hpuoj2i7ef468agcj7qn4oqqfefq5cnp", "fields": {"session_data": "eyJjYXJ0X2lkIjoiMTVlNmIyNDU1YTUxNDM0ZmE1YmY1NGYwZmJjNGRhMTkifQ:1qCYwf:_WfdldxpCNa4T-vSbBmyTih33jv-hRouI6cwGPyDybk", "expire_date": "2023-07-07T05:02:53.675Z"}}, {"model": "sessions.session", "pk": "hrc30jxpjonwb1hijekazlatk1rxr89j", "fields": {"session_data": "eyJjYXJ0X2lkIjoiYjVhZjU4N2VmNjJkNGQ3ZDgyMTViNTY0YmRlNWEzMzkifQ:1q7zN0:2Mn4KnkJaJX4O6Z1KC31jRfqNRkouKYGzQvu_Koy7Tc", "expire_date": "2023-06-24T14:15:10.335Z"}}, {"model": "sessions.session", "pk": "hu49xnpmc2ia279sqlcx9hwep7lr7ubf", "fields": {"session_data": "eyJjYXJ0X2lkIjoiN2Y3Njc3OWFjOTVjNGFjODlhMDA0YTVjZjVlMDE4MzQifQ:1q7hTA:llHeAAtLDQufqRnKPCybQwXgeuKidscRvuhJI8NDBf8", "expire_date": "2023-06-23T19:08:20.413Z"}}, {"model": "sessions.session", "pk": "hvf4h0zn47rozyoik32nrjyaua1n0r0g", "fields": {"session_data": "eyJjYXJ0X2lkIjoiYzEzOGU5MDM5MzY0NDE1Yzg4ZDZjZTI4YTczYmFiNzYifQ:1q7fY8:fMd47SZGtj3pAVrwnkqBagsbE1ydLCeUbgyidJqtiY4", "expire_date": "2023-06-23T17:05:20.357Z"}}, {"model": "sessions.session", "pk": "hwqzwsq1xw4qnt75zfvfnxraxf1jl4pp", "fields": {"session_data": "eyJjYXJ0X2lkIjoiYTA0M2MyMjYxYzQ3NDVkZTk3NjM5NmU2MGI4NTU5NGIifQ:1q7zWX:0Yin5lG4wLYUGpSuIl4LFQZqVrxfhepz9EA-MlfkxKM", "expire_date": "2023-06-24T14:25:01.331Z"}}, {"model": "sessions.session", "pk": "hx4jlt1p3myhx0uigxhyqk83240wl4vn", "fields": {"session_data": "eyJjYXJ0X2lkIjoiYmNlOTY0Y2ZlMjJmNDU4MjhiNWI5YWNkN2E4MGYwYzcifQ:1q7ij0:RKAOgrjgLmNuWx6vya7MmiZSwMp-bMjzvUayQ5jmHZo", "expire_date": "2023-06-23T20:28:46.261Z"}}, {"model": "sessions.session", "pk": "hyrrfd95m9u4f5ldevmy6gfb1s51f7s5", "fields": {"session_data": "eyJjYXJ0X2lkIjoiZTRhNjc1ZmU1YzdjNGQ1ODk1Mjg2MmM3OGUzMjQ5NGIifQ:1q7Mis:7W1J_LpctTpBu5jVp0Ty1S-Oas0_pTN9sW0pBZIt7_I", "expire_date": "2023-06-22T20:59:10.210Z"}}, {"model": "sessions.session", "pk": "i2730ermyqbdhmjac3v5k4immngfeb4t", "fields": {"session_data": "eyJjYXJ0X2lkIjoiOWE5YTE2N2NmNmYxNDg0ODkxY2QzNTNhZTE4MDc4MWMifQ:1qAyUy:kZyuyOMwI1DJPNeqtNM-demKmuYk1AquXv2qzTzgs7k", "expire_date": "2023-07-02T19:55:44.645Z"}}, {"model": "sessions.session", "pk": "i41yajicxj3o202psxy22ymuh864xl0y", "fields": {"session_data": "eyJjYXJ0X2lkIjoiM2Q0ZDJiZTQ2NmZkNDM1NWIyZmRmYzRlNzY1NzExZGUifQ:1q7flx:CmZO3LVdaXGmCZDNoAl2Bl-zgwFSjE3eg7di2UITKyw", "expire_date": "2023-06-23T17:19:37.015Z"}}, {"model": "sessions.session", "pk": "i4s5b6i8i8ffxgeq48bqz5ido5jzcy02", "fields": {"session_data": "eyJjYXJ0X2lkIjoiYzhhYzZkMTA0ZWM1NDVlMGFhOTYyM2UzZjVlN2UwNjMifQ:1q7yUC:fhUaCNhH-vzIA5rPCgJHOTJnwheAmrgCHBOD-FoB8vw", "expire_date": "2023-06-24T13:18:32.423Z"}}, {"model": "sessions.session", "pk": "i6vebv6wh9iynozla5qmy1zwx2vpfg7m", "fields": {"session_data": "eyJjYXJ0X2lkIjoiYWJlZGVkYWI4ODEwNDUzZDk4MDY2MGRmOGFkODQ0ODYifQ:1q7zWO:MXgaE0cvwx7LMDmAp9kWH7pJt2oN6W6cdoHeOBGYdlM", "expire_date": "2023-06-24T14:24:52.095Z"}}, {"model": "sessions.session", "pk": "i86dpxj6eskvy3w5hw28khxecsd5po9s", "fields": {"session_data": "eyJjYXJ0X2lkIjoiNWJlMzhhZjM3YzFiNDJlNWFkZDAxOWI5N2I1Y2Y5NGYifQ:1q7fm3:hBfI84n2z7PaF3YUOu6jaE9vMNQmsoP6U8aHZh9Zqj8", "expire_date": "2023-06-23T17:19:43.210Z"}}, {"model": "sessions.session", "pk": "iddzse9zvx3qjrq6k9m8rj0h4gewu52u", "fields": {"session_data": "eyJjYXJ0X2lkIjoiMzlmNzMzY2JmMDA2NDc1YTkyZjdjZjFkOTg1ZmFhMDUifQ:1q7flq:N7-MByYQc1WkBtehno3BBR4wioZd6S8y45Aa4jCg0H0", "expire_date": "2023-06-23T17:19:30.933Z"}}, {"model": "sessions.session", "pk": "ierstprgg9906dxffxyez7f2szhcf56v", "fields": {"session_data": "eyJjYXJ0X2lkIjoiOWYwNzIzN2FiMjE0NGViMWFhMjA5NTk5ZWQ1NTAyZTcifQ:1q7zSV:dPRV2R6_Uq8GEpp8B0kPhZH3c4QnNSW3hprSmX9xW6s", "expire_date": "2023-06-24T14:20:51.897Z"}}, {"model": "sessions.session", "pk": "igsfg6w71znhhtnvzse68ionee0n6um1", "fields": {"session_data": "eyJjYXJ0X2lkIjoiMTdmMWU4ZjRlYThkNGM3MmJjYzI4M2ZlNGFlZWM4OTcifQ:1q7fYR:DEwkB3UtsN29NbTK4Famb3yYFc7OoiQcwi5R5hyaX-w", "expire_date": "2023-06-23T17:05:39.493Z"}}, {"model": "sessions.session", "pk": "ihmd8uxhbdv3y3jtsss5yn9dvz6zs9ce", "fields": {"session_data": "eyJjYXJ0X2lkIjoiOTI3YjUzMzNkZmY3NDFlMGIzMmM3MjQ0NDc3NTljYTYifQ:1q7feg:1yzDYwcJx_EvE353roOF80SGu7RLojH_BYZgksfFuvU", "expire_date": "2023-06-23T17:12:06.780Z"}}, {"model": "sessions.session", "pk": "ihzrahd9bbr9vyvdc5jwkj8sn9yy3dim", "fields": {"session_data": "eyJjYXJ0X2lkIjoiNWNiOTA4NTZiNDdkNDNmY2FlZTk4ODViZTU5YTFhN2UifQ:1q7hG0:amifQIuscjShr-jrp8KAJNPA7B0DVf5AptPfhLeThrE", "expire_date": "2023-06-23T18:54:44.765Z"}}, {"model": "sessions.session", "pk": "ikgz1t1ockj63xf5iu6zc207tb9bqy3u", "fields": {"session_data": "eyJjYXJ0X2lkIjoiMmU4YjIzNDJlNzc5NGFjMGI3YThmNGY4MGUzMTg1MGEifQ:1qCYwf:00jX4L-Pj3LVf23z3Kf1AN0iaoL0P42xyn6Yt4oBiKg", "expire_date": "2023-07-07T05:02:53.817Z"}}, {"model": "sessions.session", "pk": "ioplex2kzhd67u26sjpc1m14sqyxbog4", "fields": {"session_data": "eyJjYXJ0X2lkIjoiY2U0ZWU4ZDJhNzE5NDVhYzg5NDYxZDNkNmY3MmM3ODAifQ:1q7zLI:J_mC2CUH9OO0CnCgelSvbq9ebI7zBuAsDyGC8jHZMCg", "expire_date": "2023-06-24T14:13:24.963Z"}}, {"model": "sessions.session", "pk": "iu31enrfbknveflciuy1ui0hka55271p", "fields": {"session_data": "eyJjYXJ0X2lkIjoiOTM2ZDFiNzJhN2E2NDc5MjlkNWM4YWY0NzEzMTVjZjIifQ:1q7zZC:Ug9DDJqxI7pnPNc-hD3BEsWBZklFI0_KNJ47LlgBX6Q", "expire_date": "2023-06-24T14:27:46.310Z"}}, {"model": "sessions.session", "pk": "iyqpl1e2b4asiz1qa85ai2z7lml5abiu", "fields": {"session_data": "eyJjYXJ0X2lkIjoiNDI2NjMxOTExZDFmNDNkZDljOTYzNjRhYzgxMTRmNmUifQ:1q7hhs:WPwXxmqrmhTZ9APGa5x7Fq49MzbaP9GTarmDWw7ap5E", "expire_date": "2023-06-23T19:23:32.154Z"}}, {"model": "sessions.session", "pk": "j57p970a3ee2hi1yih7jq8fmamf6ngrl", "fields": {"session_data": "eyJjYXJ0X2lkIjoiOWQ4ZTY1ODM2NDk2NGQ1YzhlZmQ1ZTdjOTNlODAwODIifQ:1q7ecN:MTHmmqnFmo6bMHd7QYDhIeqzV9jAkLhHUN1temWMSTY", "expire_date": "2023-06-23T16:05:39.455Z"}}, {"model": "sessions.session", "pk": "j631azokgxo1t2od917gg72u1kxbbuka", "fields": {"session_data": ".eJxVjksOwjAMRO-SNYqSOCSGJXvOUNmOQwuolfpZIe5OK7rpdt680XyM0Dg3XTFXU5lq8MDOcYqCAUtRhosXoRhiQXMyDS1z2yyTjn_FHzMmeWm_gfKk_jFYGfp57NhuFbvTyd6Hou_b3j0MtDS1q40ZvUDK6FByrRnOGqBoIEEiAe8AQqSUKqfqyCWOpMoxp-Dieh_N9wfL7kSU:1q7btK:wVlVyc0wWnuV3mG5udmcwiVR1nsXHQ9Rbtnd9M--NBg", "expire_date": "2023-06-23T13:10:58.192Z"}}, {"model": "sessions.session", "pk": "ja77cgj87rfigckbxe3e2n1g4rnvzvj5", "fields": {"session_data": "eyJjYXJ0X2lkIjoiNmMyMGIxZTMwY2UxNGYwZDkyMTQ2NmFhZjRmY2M3M2EifQ:1q7gwI:i9BD6HSPfkJOwBHArheUwP2Hgvt2kUW-3A-wJ_K4u2I", "expire_date": "2023-06-23T18:34:22.845Z"}}, {"model": "sessions.session", "pk": "jbv7en7zt3ibnmsy0wmj3bvp7pbmvltw", "fields": {"session_data": "eyJjYXJ0X2lkIjoiYjFlYTBmOTU5MjZmNGMxOTg3ZTA2ZmQ4Yjg5YzFkZjIifQ:1q7zZC:cA_BPBXN1_9nIwwSFa70rcLBHGMi1y6zhbCQz1cVtpM", "expire_date": "2023-06-24T14:27:46.311Z"}}, {"model": "sessions.session", "pk": "jdg8u5sp0zx94cq73y1linten70ywvcn", "fields": {"session_data": "eyJjYXJ0X2lkIjoiZmI0NTE1OTczOTkzNDRlZmE5NzNlYzU4MzliZDZiNzIifQ:1q7zs8:t8OwTzWEt6T_yqcSG0YPraWjGbcFZS9bEzAfZrP8tyo", "expire_date": "2023-06-24T14:47:20.964Z"}}, {"model": "sessions.session", "pk": "jjs4vz12l0hajybk85oqp2dsed89bbjs", "fields": {"session_data": "eyJjYXJ0X2lkIjoiZGE0NGFiMWU4NGUwNGNhNWI2Mjg3M2UyMzhmMDI3ZTAifQ:1q7hqH:sEG3X4pgwtoqjeGwesjkyK2rONo-BOHOC7fD8nrD7u8", "expire_date": "2023-06-23T19:32:13.470Z"}}, {"model": "sessions.session", "pk": "jmru9lvtt5pwuqk9m7s1e6h1q3nsqves", "fields": {"session_data": "eyJjYXJ0X2lkIjoiMzI5NzIxZDFlNWEzNGE1MGEyY2FlMjFlNWUxMTMwNGIifQ:1q7zs0:c-gdy4u731sayYfzbVDmHbX-3y13GzXIJ8zi1fu3NVQ", "expire_date": "2023-06-24T14:47:12.220Z"}}, {"model": "sessions.session", "pk": "jq89ghz6d5tvyjjcakldc703fhw0bct0", "fields": {"session_data": "eyJjYXJ0X2lkIjoiYzliZGQzZGVlZTdkNGQ3ZDhhZGUwOTE0OGQ4MjBjOGQifQ:1q7gBu:vVUIFvLTXtPRhkuoKVp2_GJcXsSWYqEiFSN0TSY8tAI", "expire_date": "2023-06-23T17:46:26.460Z"}}, {"model": "sessions.session", "pk": "jq8elgqxpkbrqcr0y5aqugx2j81yz2lb", "fields": {"session_data": ".eJxVjEsOgzAMRO-SdYWwTX7dtRdBjpMIVBQkCKuqdy-0bFjOvHnzVsJL7ceo7kq3AI7ajr3tOivaoSYJESNm8MFYdVM9b3XotzUtfwWvXWB5pXIAnqajblhk3kptfpsTr81jT6nUUbiOc3me1uVq4HXYfzxHlxkgaBeCg-yd4wTcmmwkpsg-QLKdRqIMQowGRXtLQPtYU0L1-QJNp0g1:1q7O47:B-TiwJ9MkfuLmhvrIAhcvvky_LqgtolJrVJs2hXB3t0", "expire_date": "2023-06-22T22:25:11.026Z"}}, {"model": "sessions.session", "pk": "jrjjxsgupdwf6dzjps7ct9p7urrpsiqt", "fields": {"session_data": "eyJzb2NpYWxhY2NvdW50X3N0YXRlIjpbeyJwcm9jZXNzIjoibG9naW4iLCJzY29wZSI6IiIsImF1dGhfcGFyYW1zIjoiIn0sIlVFaFNRcENvSXZxbiJdfQ:1q7Nw8:3w20dyurGLS_wicFj4kWTj2cSnzNku9BLfTNRoM2ing", "expire_date": "2023-06-22T22:16:56.788Z"}}, {"model": "sessions.session", "pk": "jrvfmfnp0zloqf9a7he474ya200kljul", "fields": {"session_data": "eyJjYXJ0X2lkIjoiNTUyNzAxYTUxNWFjNGJmZWFjZGE2OGM2YjE0ODc2YWIifQ:1q8RXR:M0X7xdvRCIPYXUaQ8zxobRni1IlYCvlOugEyX5Yl8yg", "expire_date": "2023-06-25T20:19:49.724Z"}}, {"model": "sessions.session", "pk": "jv329lnghsjqlugg4lk5od5cod0cyiq6", "fields": {"session_data": "eyJjYXJ0X2lkIjoiMjkyMDAxODRhOTNkNDgzMTk3MWQ2ZWY4Njg0NjBkYjIifQ:1q7zMq:7RSydoYYgHbUadT2defeUxwgtC0CDvdcuHYNVYFJpg8", "expire_date": "2023-06-24T14:15:00.286Z"}}, {"model": "sessions.session", "pk": "k29nxn5ww2b8rwv5km4d25kknreejwna", "fields": {"session_data": "eyJjYXJ0X2lkIjoiZDllM2VlNzUxN2NjNGYwNGJmOTg2ZGYwNDQ4Y2NiOGIifQ:1q7zsF:kaEu67Z5KC5tjk2cxAHa8-riqaAWigklbNgHkcmLbo4", "expire_date": "2023-06-24T14:47:27.905Z"}}, {"model": "sessions.session", "pk": "k5fi2u2m9ug2kcienz3sqjf04xxnse0m", "fields": {"session_data": "eyJjYXJ0X2lkIjoiNThhMjUzYmUwZWVlNDI4MjlmYWVkYTgwMzRmZThjMzIifQ:1q7zMM:QIMoI8qEUhhtZTwTOYuxERq5i6yUUB1Y1ZNUYNp7Xrw", "expire_date": "2023-06-24T14:14:30.414Z"}}, {"model": "sessions.session", "pk": "kdko2gc5fig700mgpy4y0cule4hyi7c5", "fields": {"session_data": "eyJjYXJ0X2lkIjoiYTYxODkwYTM2ODhmNDA2ZmJiNmZjMGIyMzMzYzViYWMifQ:1q7zsG:u3O_h17XYASY31VicTktHHqcvsY4cAFjTEmDnFdt5NQ", "expire_date": "2023-06-24T14:47:28.165Z"}}, {"model": "sessions.session", "pk": "kiby83q24wfbyonsuzw6fudommw4vrdd", "fields": {"session_data": "eyJjYXJ0X2lkIjoiOWY5YjU5YzM2NGIzNDc0YzliZGJmZDE0NTAxODA1NzMifQ:1q7elK:Ko36q-Jm2N48uwK-C2bsL4gM9rVnZe0E5mlXAeXOYuM", "expire_date": "2023-06-23T16:14:54.080Z"}}, {"model": "sessions.session", "pk": "kik21joxr8vb5gp04bzerxlcokv8gqot", "fields": {"session_data": "eyJjYXJ0X2lkIjoiMDRiYzRmN2RkZjkwNGM2ZDhhMmIyMmYxYmNmNDE0YWYifQ:1q7zWQ:WPpH5Xomqv6yEcSSPxdm7gQh-YSzzC_FEK4_Ifk0MJ0", "expire_date": "2023-06-24T14:24:54.670Z"}}, {"model": "sessions.session", "pk": "kje5rwa4oyq7w9tmnjzaqkrsj1c2xf2i", "fields": {"session_data": ".eJxVjs0OgyAQhN-Fc2OUBYTe2hcxwy5EU6OJ4qnpu1dbLx7nm5_MWzGW0g2i7kocLKUWDrk1zqQQkZN22oqJOuusbqrDVvpuW9Pyr9CVRfArTYeBcTxwBeZ5m0r1y5z2Wj12laYyMMowT8-zdZnqsfb7TgzGwoiHMERsImcNiAxRqG3MVrB_01bDeHGhab3kRjecOSZfC5P6fAFSqEnl:1q7O7p:i5Hx-5YeGG4ian59SK_R6olsKP7155AWhADRGTM7o_Q", "expire_date": "2023-06-22T22:29:01.291Z"}}, {"model": "sessions.session", "pk": "ktcvwwplfnrw2vh259dzjmga04lwezim", "fields": {"session_data": "eyJjYXJ0X2lkIjoiY2JjZWYxYjc4NzY1NDdiZDhjMTFlNWEwNDZiYmY0NTkifQ:1q7NwL:NzhGuVw7PLcSfvgU0boLVhrbOsuOBt4egclEK_465s4", "expire_date": "2023-06-22T22:17:09.988Z"}}, {"model": "sessions.session", "pk": "ktkfs8wh5n5g4tnxncbulaepbj140tsv", "fields": {"session_data": "eyJjYXJ0X2lkIjoiZGZiOTA5YjQ5MzQ2NDY0ODkyNzZiYzlhMTk1Mzc1NjUifQ:1q7gNg:xTuvk_Ik_lAjtD6IPs5lCdzPJYSeXj1AACQaQVHBIig", "expire_date": "2023-06-23T17:58:36.907Z"}}, {"model": "sessions.session", "pk": "lh1wv1180eg02hvdr353tu1snyad9fmp", "fields": {"session_data": "eyJjYXJ0X2lkIjoiNjE5M2JiMjEzY2NjNDU2NDhjMTIzMzQ4YmVjZTZkZjMifQ:1q7Xq4:x9Mz8qKYK77QNMtcX4OOBzO2j6ZpNwAMiQSAi5-SFP8", "expire_date": "2023-06-23T08:51:20.030Z"}}, {"model": "sessions.session", "pk": "lhnj1viqhes6md9mxdxiakaj3bsyja41", "fields": {"session_data": "eyJjYXJ0X2lkIjoiNTRlOTFlYWFmMWM1NGIxYjk3NGZmZDYwNzQwZmNiZTIifQ:1q7zN7:jOoYtxb9MV3Dod5Pde2noBSFAO4z3w8c5yK3RuJjyzo", "expire_date": "2023-06-24T14:15:17.024Z"}}, {"model": "sessions.session", "pk": "ljcj42rtjar3b5vo9iq6lxbeqh1kzxes", "fields": {"session_data": "eyJjYXJ0X2lkIjoiYjk0ODQ3YTM5OWVjNDA5ZjgzYmExNWYzZDk0NzgyMzAifQ:1q7ecG:0iglnteblqXDjZxlSJkt-xF8s2bSboRLmlzdXBHGuOQ", "expire_date": "2023-06-23T16:05:32.155Z"}}, {"model": "sessions.session", "pk": "ljkwt8d3bgki9kwc2t19hdxwglz1b17h", "fields": {"session_data": "eyJjYXJ0X2lkIjoiZDk3NDc3OTU1ZDcyNDFlYWJmY2VhYmQyMWJlNjk2NTQifQ:1q7hFz:d2BawGgMYXpAtGTyr1eZeIY98Yz-EQ-VuPx3sVpk3ME", "expire_date": "2023-06-23T18:54:43.592Z"}}, {"model": "sessions.session", "pk": "lmhhpk95h55gdz01w9e1dup46zm00aay", "fields": {"session_data": "eyJjYXJ0X2lkIjoiZDIxZDYyYjE2MzMxNDU4YThjMjJlYjdiNGUzM2Y1NTgifQ:1q7g6N:uk2H3qnKB2IDQA1qJag_jrmz97PVZwcYifmrMPi5ueE", "expire_date": "2023-06-23T17:40:43.663Z"}}, {"model": "sessions.session", "pk": "loj4w32ub4t7z6sps7tqqxo8p4n1v8c1", "fields": {"session_data": "eyJjYXJ0X2lkIjoiZmI3ZjUzZDEyMWNiNGUzZDlkNjZiZWZiNmFmMWNmZTEifQ:1q7WdP:oLYa9_Z_z50Hs3Wbl3ygHosNQmc0BgvBYPfeckctWiA", "expire_date": "2023-06-23T07:34:11.774Z"}}, {"model": "sessions.session", "pk": "lqe3k4fdrx2tosi4ebkyw4acd9m3bw7l", "fields": {"session_data": "eyJjYXJ0X2lkIjoiOWQ3YzBlMjBiNGQ3NDkyODk3ZTkwYzE0YWJlNjQxNmMifQ:1q7zWd:0W2t1jwqL9UNJKqmkKRUXI3wSJdtSPeJ1EL3b8v--Jw", "expire_date": "2023-06-24T14:25:07.198Z"}}, {"model": "sessions.session", "pk": "ls71kq1oy7pux54vgmlh5g3brwo4a11x", "fields": {"session_data": "eyJjYXJ0X2lkIjoiZjMzNThiMWZhZTc2NGRlYzhmMjg4ZDYwMjBmYTYwYTgifQ:1q7zWd:ATTaZ3WpzFs9uAGBUpEWrG-CHjvKemt79E9bNum12Ug", "expire_date": "2023-06-24T14:25:07.684Z"}}, {"model": "sessions.session", "pk": "lsjgj6veb3cza3lsi7mymfun22rzf0zk", "fields": {"session_data": "eyJjYXJ0X2lkIjoiODdkNGE5ZDE3NjBjNDRmZmE1OTgzZjk0OWM2MDZiNTEifQ:1qCPye:XIQ867T64fnJTSzf6XmfWrFarxLSPRg-x29hiz9iayw", "expire_date": "2023-07-06T19:28:20.869Z"}}, {"model": "sessions.session", "pk": "luxki795yndme72ukqp1dzc2jn00z7xq", "fields": {"session_data": "eyJjYXJ0X2lkIjoiNjM2MDE5ZGQ2ZTAyNDEwZGE5Mjk2YWNjYzJjZTE1MWYifQ:1q7fYF:mcj5dXN4WSbajGvV374UmdBpuptGzz4-dchvGn0qv78", "expire_date": "2023-06-23T17:05:27.081Z"}}, {"model": "sessions.session", "pk": "lvgi30z1t91hyvwycbp1gey4tzna9fj9", "fields": {"session_data": "eyJjYXJ0X2lkIjoiNjhiNzU3ZGE0Y2U4NGRkNWJjMTFjMTM0MWUwMjVmZDQifQ:1qAyRY:VJmOHwy3syj1KD2AvMHtHGbaaCSghRkn2QG9dUrUzlA", "expire_date": "2023-07-02T19:52:12.003Z"}}, {"model": "sessions.session", "pk": "lwkchh2zy0ygp6my1kprskq8gpocc8as", "fields": {"session_data": "eyJjYXJ0X2lkIjoiY2IwOWZkNDBjZDY0NDE3MGEyZjEwZjVkOGE1MjAzN2MifQ:1q7fW9:iBhp1CnBknTvQTfqp39jyqEcbvMRkYmnv1lNIoBqW4o", "expire_date": "2023-06-23T17:03:17.231Z"}}, {"model": "sessions.session", "pk": "lyj57mieozc5veesohvcspr9wkdd04df", "fields": {"session_data": "eyJjYXJ0X2lkIjoiNTUzNjQwMzE3NjZiNDkwNTg4N2QwODBmMGQ1ZDQzMjcifQ:1q7zLJ:KRRSNEnxPnokuIgNd0EcmYHcw39o4dYB-kUNeI3hslw", "expire_date": "2023-06-24T14:13:25.748Z"}}, {"model": "sessions.session", "pk": "mcl8me7sid0mmq5qps0czh369ad268dh", "fields": {"session_data": "eyJjYXJ0X2lkIjoiZTFhYjQwODNjNzg4NGUwOWIyOTFlMDExZGVkYzU3NTMifQ:1q7zs8:UQZW4e_4t1DnPTafmVhZOtLXDHCADpwsPYDboidl0Is", "expire_date": "2023-06-24T14:47:20.990Z"}}, {"model": "sessions.session", "pk": "mfdcqm1iidwmjg53rxrn3p8i8oaq4xwo", "fields": {"session_data": "eyJjYXJ0X2lkIjoiM2E1M2ZkZDY1Mzk4NDA4M2I1N2Y2ZjQ4ZGY3MDdhMjkifQ:1q7gwI:xUUJYMDbMcPGshQZKsQWbnZFhM2ijfsVPv_bfMOQbTY", "expire_date": "2023-06-23T18:34:22.576Z"}}, {"model": "sessions.session", "pk": "mjw19p6cqpnoe6lgrh858101m5glgc1i", "fields": {"session_data": "eyJjYXJ0X2lkIjoiNDY5NmRkYjZhZjJhNDAxNjhiNzMzMDc3NGJmZDUzNjIifQ:1q7zML:MxmF3UA6tOlviF6lKa9K4dEHB1qXx18uzRYWnNefgXM", "expire_date": "2023-06-24T14:14:29.326Z"}}, {"model": "sessions.session", "pk": "mkprqk4hf3zdwe0qshrszf9pnqpikwpx", "fields": {"session_data": "eyJjYXJ0X2lkIjoiOWM4MmJlYTAxZmE0NDE2YWE1ZTUyZTAxMTc3M2Y1OTMifQ:1q7fZy:Ft4aahvtNF4tlOlkl6ApL-GIB-Vim677tlGzydT0Vlg", "expire_date": "2023-06-23T17:07:14.357Z"}}, {"model": "sessions.session", "pk": "mpve5n5kgd70g8xkgod5m6oanot6cn97", "fields": {"session_data": "eyJjYXJ0X2lkIjoiZWIxYWFlYWNiNGZjNGRlYzk5MTJmN2MxYzc5YzU5NDAifQ:1q7gOY:N71sGzzB_PmCJokeRB_TEKl7000UlGg6uKIpCM-mHAQ", "expire_date": "2023-06-23T17:59:30.081Z"}}, {"model": "sessions.session", "pk": "mqsk4dd7hwdhiqx122dxv16cnx1okaq4", "fields": {"session_data": "eyJjYXJ0X2lkIjoiZDFmNWYwYjVhNTQ3NGY3NTk3YmJmZGQ3YmM4YWI0NTgifQ:1q7gPe:pQ_SLPOZkr4_EvwdKOmBoFeb0p0FH87Swp9nzp9FRRA", "expire_date": "2023-06-23T18:00:38.554Z"}}, {"model": "sessions.session", "pk": "mwggxbfwapwosu3jip8md71eva7om2hw", "fields": {"session_data": "eyJjYXJ0X2lkIjoiN2UwYmRkNzA5MzFmNDNjNmFjZmVjNjdmOGViOTlmNzIifQ:1qCfJi:HEcAIMzvgq0ylure3AwgBneLBcHYw8i7BX4m10fkVqM", "expire_date": "2023-07-07T11:51:06.523Z"}}, {"model": "sessions.session", "pk": "n05ii5j0rsye753pwuz42h7axu4g5ssv", "fields": {"session_data": "eyJjYXJ0X2lkIjoiNzQ1N2FhMzg5NjUwNGVlZDllYzAxYTFkY2ZlYTE4MzEifQ:1q7zWO:meczdXWamFwUOkUhOVAmEiaGA5lCTyAQpbQgn2HT_MU", "expire_date": "2023-06-24T14:24:52.147Z"}}, {"model": "sessions.session", "pk": "n4olvotgh8scgv2qf5x9op9zqu4agzwd", "fields": {"session_data": "eyJjYXJ0X2lkIjoiNmQ3YmVlZTRhMWQ1NDAxYThlNTE1Zjg5N2NmZDZlNjQifQ:1qAyRX:gIr1LG0I_ZJEI53BYxjyl7EQqvAgg5W3u89ZMd9nhpA", "expire_date": "2023-07-02T19:52:11.804Z"}}, {"model": "sessions.session", "pk": "nc86r74qq5rlz2ve6jyp0lkcl8i55mkp", "fields": {"session_data": "eyJjYXJ0X2lkIjoiODk2YjFiZWMwNTcxNDU0OWE3ZGNjOWEwYzRjMTQ4OWMifQ:1q7hqN:7tNU7RUt_PjVYVg0erJN8sZ-yorIaV9MB076gKtKajo", "expire_date": "2023-06-23T19:32:19.824Z"}}, {"model": "sessions.session", "pk": "ndszz8o2py7rtaxnydhlt3ypjfl9zpk8", "fields": {"session_data": "eyJjYXJ0X2lkIjoiOTM1MDMzNGU4NzIzNDgzNWE1YmQ0YzNlMGZlNWE4N2MifQ:1q7g1r:S4sbgH1PU-V1Yte5gV6pzjc2PUSKef6feQF97A7nrEQ", "expire_date": "2023-06-23T17:36:03.245Z"}}, {"model": "sessions.session", "pk": "nkltixcabjjoz96n9y9t3s9bqgkruvis", "fields": {"session_data": "eyJjYXJ0X2lkIjoiNWZmOTYzYzk5MTcyNGQzNzkxMzFkMGU3NWNjMGJlZTIifQ:1q7gBn:FoS3ymUEVCEspazaA0Qc85xiP_fS4vZw-vq3Lh2EDf0", "expire_date": "2023-06-23T17:46:19.595Z"}}, {"model": "sessions.session", "pk": "nn52ytz90il8gie46fzgc516p1napgy2", "fields": {"session_data": "eyJjYXJ0X2lkIjoiMDljODdmMTk5YjIwNDcwZTljNWNiYTYzN2QzY2U2MjkifQ:1qCfGZ:W_L6TCeAaG1vvGNfHhNKebewEAyBLiYGmKr54JoKdXo", "expire_date": "2023-07-07T11:47:51.732Z"}}, {"model": "sessions.session", "pk": "nnhpmyq0ndi0bbeykxnwa7flh5n4uxk0", "fields": {"session_data": "eyJjYXJ0X2lkIjoiZTExNDRiMDM4NTdjNGM2Nzg3MDE5MmJiYTRiZmM1MWEifQ:1q7zWX:S1b14csVPoMp8Cf6ruUhWlXoK8P-dwB1jk1NdwpU7b0", "expire_date": "2023-06-24T14:25:01.345Z"}}, {"model": "sessions.session", "pk": "nptrtcj978bpbohezyzzrk830fy7tooh", "fields": {"session_data": "eyJjYXJ0X2lkIjoiMTQ5Y2EwMzAxNDZlNDQwNGI1ZDBhOTViZTQ2MDVlZjkifQ:1q7zSO:6RM5J2zXv51RKeBCULEAMBi63_qcM2Yy5UU4GONzhBg", "expire_date": "2023-06-24T14:20:44.596Z"}}, {"model": "sessions.session", "pk": "nyv8ohl35hn9ztb7gb08k0maosjklzm7", "fields": {"session_data": "eyJjYXJ0X2lkIjoiMzc4NzgzYTg1NTJjNDExYWJlNzAxMzhkNmRiNGM0MmIifQ:1q7g6G:VyQE3WG2UWoiLC9UH4kUNbjJqdgohE-zdPTzq-lqqcY", "expire_date": "2023-06-23T17:40:36.928Z"}}, {"model": "sessions.session", "pk": "o8ut3sgbigaf359h8xufmrx4q10r3h55", "fields": {"session_data": "eyJjYXJ0X2lkIjoiZTkyMzJkOTE0NWYwNGJjNGFmODRmNGQ5MDRmOTEwMmQifQ:1q7XxO:9gezrOGi9bRtB7qKziBuBD_mjEsY4byu7LU8cgVgT5o", "expire_date": "2023-06-23T08:58:54.333Z"}}, {"model": "sessions.session", "pk": "o91rgd49b3xk6b9gsidsu4hhk8m56ema", "fields": {"session_data": "eyJjYXJ0X2lkIjoiOGZiNjZhZTRkMWJkNGYxN2FkNDhjODYwM2Q3YjBhNmEifQ:1qBL6v:HA3e0qkmfEIyFwq92uV_V6F98sONe270S-R19XqdnWc", "expire_date": "2023-07-03T20:04:25.377Z"}}, {"model": "sessions.session", "pk": "o9o737z58y5ermido6y8v5zkk03be67z", "fields": {"session_data": "eyJjYXJ0X2lkIjoiY2MxYTExZjQ2YWE5NDBhYmIzMDYyYTdiMWM1NDFlMDIifQ:1q7s29:Iqr5SzHxw5-JntGa8bW95f0pZqQsDKM3U4S2_rW7O3s", "expire_date": "2023-06-24T06:25:09.591Z"}}, {"model": "sessions.session", "pk": "obbngr04rwb7cxjv68z30r080hyvys3y", "fields": {"session_data": "eyJjYXJ0X2lkIjoiYzRkNDQ0MGQ0MWNjNGE1ZjgwNTIzNWY0MWIwODY0YzcifQ:1q7zZ9:QZE-otoC5AvgynNsQCeQq1_KYlb0Q25iTdWksH_11SI", "expire_date": "2023-06-24T14:27:43.305Z"}}, {"model": "sessions.session", "pk": "oldt5f1pc6lrl8eejgiipn3awcbn5wpz", "fields": {"session_data": "eyJjYXJ0X2lkIjoiZDM3YTZiYmE2MTVjNDc4MWFjNjAxMTEyODIzYWVjYjUifQ:1qBL6m:IZ0GRmV7hyu727XpgDiPz-0oXfe6GSeuwanXRr35dc4", "expire_date": "2023-07-03T20:04:16.082Z"}}, {"model": "sessions.session", "pk": "ouc8t4rirwgxpu9ckwxevtp59wfor4ds", "fields": {"session_data": "eyJjYXJ0X2lkIjoiZGIyYjcyNDhmZjQ1NDc2NmJhOThhNzQ4YmMzYjY5YzcifQ:1qAyRe:gQ-GoxdsnszqT6BGpAyr6r3gWmGAy6XDJkUxvKiB74A", "expire_date": "2023-07-02T19:52:18.496Z"}}, {"model": "sessions.session", "pk": "p068wfx6i21t2x92grexwq9mdzkn9fn9", "fields": {"session_data": ".eJxVjDkOwzAMBP-iOhBkkZaolOnzBoOiqDgHbMBHFeTvudy43Z2ZpxGelu5azNEUJUyJIGPJKCElcVpSAUioCUNrDqbjdem7ddbprzT7LbPcdfi1bjxcRivjsEzXbL-I3d7Znseij9PG7gI9z_3HpkiNQIjkSGKtEVr1UNSzELNA4wA8cgg1h-rYhYysmjEG7zA7R-b1BmceRAk:1q7OOA:fy6f1yo2peVD32QxrdjE2EyuJlhKWbMgtXjtbUNtbrQ", "expire_date": "2023-06-22T22:45:54.611Z"}}, {"model": "sessions.session", "pk": "p5x893iqrq845lsu7295zmkwxeqc9gvp", "fields": {"session_data": "eyJjYXJ0X2lkIjoiNTIyYjg4MDM5YjFkNGI2Y2FlMTJhMWU0YWIzNjA2NzEifQ:1qCfIl:h_ekzW3QIo1l0-SOaPLUnx_KmhDQTZEsCbZccH7iRw0", "expire_date": "2023-07-07T11:50:07.822Z"}}, {"model": "sessions.session", "pk": "pabe25cfha3wj1xgr3cws66ied0j7uff", "fields": {"session_data": ".eJxVjEsOwjAMBe-SNYrs2E0CS_acoXI-pgXUSv2sEHeHim66fTPz3ibLtLR9MRfjOSoqaXNOnlk5lQoUAbEwCqKak2llXbp2nev0T_C4JcnPOmygPGS4jzaPwzL1yW6K3elsb2Opr-vuHg46mbtfHUPETD5EiDmoBmqqo1Kd5CiSCYHIsXivySsI-MRSa-LgHXACiObzBUMcQ90:1q6zO2:wGWC54BIPd34RIHZ_P40e6BsmUS2eoyX57vPgOs_LR4", "expire_date": "2023-06-21T20:04:06.489Z"}}, {"model": "sessions.session", "pk": "pe20gy29o59c3otpruo3mg0ventli6ir", "fields": {"session_data": "eyJjYXJ0X2lkIjoiZTYwZDExNDU0NDdkNDIyMjk3NTUyZjUxY2MxZjA5NmIifQ:1q7hq8:ipW5-dMlYn6lopnDqUoxjSGd4eUqBUZ5iAgCBemrYrc", "expire_date": "2023-06-23T19:32:04.757Z"}}, {"model": "sessions.session", "pk": "peigtxn2mi3e4szt5fujwur1fna3hdi0", "fields": {"session_data": "eyJjYXJ0X2lkIjoiYzgzNjY2OTIxNmYyNDRmYjlmYjQyZTE5NDI1N2M2OWUifQ:1q7Nw5:PeC62Pqn-A1XK0NmWG0AfxAr4pUKv6l8ST-kCIe66Dc", "expire_date": "2023-06-22T22:16:53.358Z"}}, {"model": "sessions.session", "pk": "pgr79dwtihmm2m05jmm4skf4pmkiayfg", "fields": {"session_data": "eyJjYXJ0X2lkIjoiYjNjOGFjYjMxNzhjNDNhODhjYjVlYmNhYjE0OGYxNGEifQ:1q7ecN:uD9Lgk3qFIz_90LuVMUofOwY-h7W0qieQNOiRpyYfGc", "expire_date": "2023-06-23T16:05:39.225Z"}}, {"model": "sessions.session", "pk": "picpwcokfti201qqvfawhyj14htbnqoq", "fields": {"session_data": ".eJxdjDsOwjAQBe_iGlm211k7lPScIXq214SPEimfCnF3iEgD7ZuZ91QZ09JdizoqUK22hZPCxVu0kApbqbTcBOu9VQfVYV36bp1l-iZ_W0K-y7CBcsNwGXUeh2W6Jr0peqezPo9FHqfd_TnoMfefOoZoM3GIJuZQa6BGHBVxyBHIZA2R82CuiauB4eQhknxgZ3wyJqrXG7lkRHI:1q7Mss:C4nThaaNCNi2nGcPIKmnTSUVBeYwnkBy0-p2nsH9G1w", "expire_date": "2023-06-22T21:09:30.753Z"}}, {"model": "sessions.session", "pk": "pqi3sftwetwuymtn89hrcnkxriejf4cq", "fields": {"session_data": "eyJjYXJ0X2lkIjoiNWQzMmJlODNkYTM4NGRiYjg4NzNhMTZkNWQxNjhiNmMifQ:1q8BjD:j7-SUiH3L1nnSyqnZ67UlBWjyBeSNHx-xFeSAx0SB3w", "expire_date": "2023-06-25T03:26:55.600Z"}}, {"model": "sessions.session", "pk": "pt0d3ot6u18sq514i0rqcrw9yzjbz8iq", "fields": {"session_data": "eyJjYXJ0X2lkIjoiYjYzNzFiMGQxOGExNDkyZmJhNTdjZTE5ZDNlYzAzNWQifQ:1qC8F4:fjsj7nqTaUCt8yGBVGdky_Cynmt_qcRMWmzWADkQC1s", "expire_date": "2023-07-06T00:32:06.627Z"}}, {"model": "sessions.session", "pk": "pv8h3u6xjfcqd87jdf3u2euzv871szk6", "fields": {"session_data": "eyJjYXJ0X2lkIjoiNTEzMGQ4NmNmYzllNGY1MGIyZGFiMWI2M2Y2MzFmYjYifQ:1q7zWQ:VGy_xSs9Iy_5IHur4ymWSZcH5nGRFoK4icnNKRbHOXU", "expire_date": "2023-06-24T14:24:54.985Z"}}, {"model": "sessions.session", "pk": "py5mfnrhki7r72guw86j7zppow900ubu", "fields": {"session_data": "eyJjYXJ0X2lkIjoiMmY0MTY4NTQxMmNhNGI5NGI3MzM0MTEzNmVhYWE3M2YifQ:1q7X3o:Ly3sxgNfG_YoMBi_yK5do-lmbn6LtuJol51yUmKSLVU", "expire_date": "2023-06-23T08:01:28.225Z"}}, {"model": "sessions.session", "pk": "q3i0licqcp0s9vqrxz0pxho1qnty7pnn", "fields": {"session_data": "eyJjYXJ0X2lkIjoiOWIwOGYwZjg3YTgxNDEyMmE5NWM2NTAyYWQyMTNmZDAifQ:1q7zLS:wqj_dqj0PdMahPjSzpW3TRwllT7GJS95QxqiZKWcyU0", "expire_date": "2023-06-24T14:13:34.303Z"}}, {"model": "sessions.session", "pk": "q5h2gxgb01r4vknghervma3fp7u6bgvo", "fields": {"session_data": "eyJjYXJ0X2lkIjoiZDQzOGZhMDJiMzY0NDA5OTkxZjI3MTI0MDYyYTgwZGEifQ:1q8RjL:F8D7sY9aAxLhhAjHFGaHPudjEBp0dcNwaN0f1IdNgbE", "expire_date": "2023-06-25T20:32:07.233Z"}}, {"model": "sessions.session", "pk": "q7oww60hkok3yhr7d10b2o0yd64lu74m", "fields": {"session_data": "eyJjYXJ0X2lkIjoiY2FiZWExMTNhNTU0NDAwNDgwMWI0OTZjYjU0ZjE4Y2IifQ:1q7Wdt:ky5KivZxeqjrrKUuv-BfO-RpB7xNe__ILMHDSPQxVWA", "expire_date": "2023-06-23T07:34:41.744Z"}}, {"model": "sessions.session", "pk": "qbjhi3uzudtjkxsi1z34yxd4wtol2b2y", "fields": {"session_data": ".eJxVjDkOwjAUBe_iGlnfu6Gk5wzR30xYlEhZKsTdIVKatG9m3scwTkv3EHMxLpNrCROql8hOz07ZgSSiIrl4MSfT4br03TrrtCfHjZBfOmxAnjjcR8vjsEwPsptidzrb2yj6vu7u4aDHuf_XtVTHIZcKlUtrJST1QdQjV0QODkLwEXNulBsgZIqoSrFkD5EAqvn-AMk-RJU:1q6zZX:SkDXvy3bNZAkwAsXu3R4leiZsANPA-2g15hJNQrxVFo", "expire_date": "2023-06-21T20:15:59.706Z"}}, {"model": "sessions.session", "pk": "qe9wogdcrzza16h0ygkn83cp7pp4xxsb", "fields": {"session_data": "eyJjYXJ0X2lkIjoiZDcyMWJlMGY5MDYyNGYyOTk5MGNhMzAwYmZhZmRkMTcifQ:1q7emp:ogbYWW3mzg5t_rgOyAYuH4zUlSJ9-XWk0gF6-B_3nMM", "expire_date": "2023-06-23T16:16:27.306Z"}}, {"model": "sessions.session", "pk": "qea7jgm9bg02sxg5knit5883ss112cxs", "fields": {"session_data": "eyJjYXJ0X2lkIjoiYjZjN2FkY2NhY2U4NDg1ZjgzOTZhNDVhNWE4MDYzYTQifQ:1q7gPS:I2OYfmDYBA1EzuW8ElKbLCODxljxZW5Rnfo-MCrthAg", "expire_date": "2023-06-23T18:00:26.353Z"}}, {"model": "sessions.session", "pk": "qgiqb8dc4pmzrmjmxypfzbvih42p0png", "fields": {"session_data": "eyJjYXJ0X2lkIjoiMzY5ZWY4ZjAyNWE1NGUzY2JlYzNiMGFhZTM1OWI1MjQifQ:1q7fb0:xzPamUpqaPCOPfFvzPd9Zh7zdVEJUkxFxztmh2edCr4", "expire_date": "2023-06-23T17:08:18.525Z"}}, {"model": "sessions.session", "pk": "qs9tt0q8ej6agx4cfb6oc2irx5ihbbz9", "fields": {"session_data": "eyJjYXJ0X2lkIjoiYTdhZTZiZTBiZWY5NGIxOWE1ZjlhOTQyZjc2OTFmN2QifQ:1q7fBi:ZXqKOp96UkVxNBqPyoPDY-I_eVOPUcxK8MIN1uEsimE", "expire_date": "2023-06-23T16:42:10.272Z"}}, {"model": "sessions.session", "pk": "qzi3ysjr2go4wahkvx0zgfwq8q5nqxoc", "fields": {"session_data": "eyJjYXJ0X2lkIjoiMmZiZTA2ZGU0M2NhNGY3OTkxYWYzNWUxNDJkY2VjMTgifQ:1q7fen:ifs7xW8jGSvvLnHeI9LVh08pKlGkQToyTx3OR5l08jw", "expire_date": "2023-06-23T17:12:13.614Z"}}, {"model": "sessions.session", "pk": "r3jdsrqvxmv7o0myo9lat3d4nigfbie4", "fields": {"session_data": ".eJxVjEGOwyAQBP8y58gKDNiQW_IRNAyDjJYQyca5rPbvcbK-5Njd1fULTEsPJcEFJpFsnLJMFo0fxZ1FYzKUDU5M3sIJiPmxtR6espRcJAW5U6lwaVutJwi09Tlsqyz_Qg1fXST-kfYeqNZ3PRy64cMc8zpc9yStF6ZeHu12vL5UM63z7vGUXCalonUxOpW9cySKzmMeOUkiH5VMxmrErBhJj5qtn1DhDlsUDX8vNkFUaQ:1q7FvN:eRZ6KtnaGobJOMWSf-jTEVA3L1A31H-w7OA6xPnjHLM", "expire_date": "2023-06-22T13:43:37.162Z"}}, {"model": "sessions.session", "pk": "r6c166ftzheucj1p8curmofo9g3ja5pw", "fields": {"session_data": "eyJjYXJ0X2lkIjoiNmYwNGVlZDE5YjA5NGFmYmFjNTFlNzZhODFiNmViYzAifQ:1q7rqe:GRC0_JEIgYgYxEd6OstdafYIIiBvxTq1Xey3LztF5AY", "expire_date": "2023-06-24T06:13:16.335Z"}}, {"model": "sessions.session", "pk": "ra939tmn391tshlq3ybijjuj9dohcale", "fields": {"session_data": "eyJjYXJ0X2lkIjoiN2Y5ZGI4OWUzNjVmNDNkNGFhYmI0YWNlZmFhNjkwMjYifQ:1q7z9A:oeCrGA_cwiT6olu2e9hKeT4Bbj4sGQ9tJYY6MFKABOI", "expire_date": "2023-06-24T14:00:52.477Z"}}, {"model": "sessions.session", "pk": "rc49xhq9guh6176u2ap8fvpxqfhgc1hr", "fields": {"session_data": "eyJjYXJ0X2lkIjoiOGFjNjU3MzJjNzZmNGM1MzgwOTczYTBlYjkyOTU1MzIifQ:1q7rqn:gdnQRBlet75EV4w1C-Gq2EAUNhkTlopayEfJ6_2txS4", "expire_date": "2023-06-24T06:13:25.252Z"}}, {"model": "sessions.session", "pk": "rq2wctpe70banbuif2m27xqko0hthms3", "fields": {"session_data": "eyJjYXJ0X2lkIjoiOTk3YTlhYzZmZTBhNDk2ZjkxYmYzMmZjOWY2MzUxZDAifQ:1q7zZO:RbX3SP1f99lofyOPxEzX0VryLfO5wEn1N7uBYC00D7c", "expire_date": "2023-06-24T14:27:58.540Z"}}, {"model": "sessions.session", "pk": "rqp0uybdrdq2cpz7e8tmwcw0cfdhc7dz", "fields": {"session_data": "eyJjYXJ0X2lkIjoiYTEzNDJkNzc1ZGJjNGRkNDk2NGRhZTU2ODkzOTFlMzgifQ:1q7epT:RJaSD3KAB0zc_PZLQAZnjEVOcvPSCarY4EVxIZ-mfM8", "expire_date": "2023-06-23T16:19:11.131Z"}}, {"model": "sessions.session", "pk": "rrwitpcs2je5xr4wncy02uqrlqazwhmm", "fields": {"session_data": "eyJjYXJ0X2lkIjoiMmQ4M2RkYWEyMWNiNDMxOGIzZTQ4MWFlYjg3OGQxMmIifQ:1q7zMk:QrPkHEhzRhmPnJnUGpnn4n_S8J-BL2dhvkMevFTlcTU", "expire_date": "2023-06-24T14:14:54.377Z"}}, {"model": "sessions.session", "pk": "rsoh4j89yyq31228u3dnux04gx6h4sew", "fields": {"session_data": "eyJjYXJ0X2lkIjoiNTk1NjYyMGRkNjM2NDU3Y2FiNTIzMWQ2YTgyNmQ4NWYifQ:1qC8Ek:1GpFJNoOZ5rTbk_tvns__TUiLPkTcAAwguvT9ZCvXrQ", "expire_date": "2023-07-06T00:31:46.965Z"}}, {"model": "sessions.session", "pk": "rtjirndm9dytkmq40sbu78rifbxgajox", "fields": {"session_data": "eyJjYXJ0X2lkIjoiMDIyOTlmM2RlOTRmNDdjZGJmM2E4YzY4OWNmMWVlYzMifQ:1q7WGW:X7mkhd2x1yfrVxNTGWto6bzMePGlhOPo8LOMaQxPlbE", "expire_date": "2023-06-23T07:10:32.894Z"}}, {"model": "sessions.session", "pk": "rvwm0ww4ag7khjvvdtp1ao4ymevvmn2e", "fields": {"session_data": "eyJjYXJ0X2lkIjoiN2NhZDAwNTZiZjUwNDk4ZWI0MGFmZjE5MjEzM2E2MDcifQ:1q7YZL:Q-8i2Z4J65EXu2Ho7SvH5NXwZpCUBVmdrn0DWepiSgQ", "expire_date": "2023-06-23T09:38:07.658Z"}}, {"model": "sessions.session", "pk": "ryaj2rcv490v506obb09sv9klnpl2mky", "fields": {"session_data": "eyJjYXJ0X2lkIjoiZTVhYzc0MGI4ZThjNGM2ZGIyZDBjZDcwNTdiN2YxODAifQ:1q7rqt:2_rSmwjLhiPCSY1vsPSN2wIvkQjEet5S57S-HhL48aE", "expire_date": "2023-06-24T06:13:31.809Z"}}, {"model": "sessions.session", "pk": "s30s9j8n6y8kmp734bldmksc8ezf99w5", "fields": {"session_data": "eyJjYXJ0X2lkIjoiMjA4YTg3NzJmY2NhNDU0M2E2OWNmZGNkZmY2NzQyNTgifQ:1q7g7F:lhS9wW0AZdObBFukbblmeKJFwwnoSt2R-4_6-yAFPAE", "expire_date": "2023-06-23T17:41:37.822Z"}}, {"model": "sessions.session", "pk": "s9qnp1q8nrz6dzhi8epzq3d5n3hesyg7", "fields": {"session_data": "eyJjYXJ0X2lkIjoiNzRkNTYzZGRmOGFjNGUzOWI2Mzg2YTQyMGIwNTBiOTAifQ:1qCPyt:SLZ3O9bMNPY6C8Q5ENnU1OVX_0W9tCJDqHROTEBabUo", "expire_date": "2023-07-06T19:28:35.845Z"}}, {"model": "sessions.session", "pk": "sdiqru9fontp9kyj0shyc3lq0o10m0ed", "fields": {"session_data": "eyJjYXJ0X2lkIjoiZTdlMDUwM2Y5ODY0NGI5MmFiZjJiMjQwOTg0NmY0YjkifQ:1q7gw3:f9qQDFaqKvIJK6sEhaQ2eOlYDiESslkj2W3tX1rq4T4", "expire_date": "2023-06-23T18:34:07.404Z"}}, {"model": "sessions.session", "pk": "sjyc8steig92r1xsddr545lqdh8fgayj", "fields": {"session_data": "eyJjYXJ0X2lkIjoiMTc4ODM3NTFiMDUzNGU0YWFjOTE3ZTQzZWY4YTVhYjIifQ:1q7WcC:VdzfeHT4Y0RMoYrKtXKRzSS8CFXLzgNBAZOC1VFyv3Y", "expire_date": "2023-06-23T07:32:56.048Z"}}, {"model": "sessions.session", "pk": "st3kmuaopq4fc4cneszidji6dgkgw71h", "fields": {"session_data": "e30:1q7NxD:WMrUpS84QhvHOgjZAAm0M7SSlgDV0QK8TZCkg4QL0DE", "expire_date": "2023-06-22T22:18:03.560Z"}}, {"model": "sessions.session", "pk": "syux4ld7wqhx5q25c2gggche73c0yqgo", "fields": {"session_data": "eyJjYXJ0X2lkIjoiMzlhOWRhNzMwZTZmNDIzN2IwMGZkOTY2OWU3ZmU4MDEifQ:1qBd4w:6KjO4s0pyNe_HBaflJ8hkd2My1RCVzatPWIhzPfGIe0", "expire_date": "2023-07-04T15:15:34.628Z"}}, {"model": "sessions.session", "pk": "t4hrxztxwwme5n37e2h8j7kotek2n1f1", "fields": {"session_data": "eyJjYXJ0X2lkIjoiNGI3NGY5ZjAyNDJlNDJhNWJkNDViMmE5YTNkY2E3OGIifQ:1q7rqt:59ajnTdc1wn1H16mIalRAVLKvoycCKcFTTkOw_X_PG8", "expire_date": "2023-06-24T06:13:31.967Z"}}, {"model": "sessions.session", "pk": "t52fruy49b2ygcpbgqhu5hvz00jkn58l", "fields": {"session_data": "eyJjYXJ0X2lkIjoiNDY1ZWYxYzA2OTY0NDc1ZjljZTUwMjZkZjJjYWNkMWYifQ:1q7zUK:LXQQQfV9fOv6xG8pNl7hCLoUwvApAnDHKOhukKv_8SE", "expire_date": "2023-06-24T14:22:44.292Z"}}, {"model": "sessions.session", "pk": "t7duvz1lj6c1lnfixgvtm9mbpn4ur0c3", "fields": {"session_data": "eyJjYXJ0X2lkIjoiNzI4YWFjNTk4YjcxNDU5NzhhNjVlNzk0NTAzMWQ0ZjAifQ:1q7hq8:XTq9JUhhYC5FMwA4Zi3CEEhD9_IN5OYI4AUGVYLylIE", "expire_date": "2023-06-23T19:32:04.537Z"}}, {"model": "sessions.session", "pk": "t8c3t68gfk8v9twqg3vze8unnrvshhtu", "fields": {"session_data": "eyJjYXJ0X2lkIjoiZWFmMGY5NmU0ZmZmNGUyOGEyNGIwMmZjMDhmYTU2N2QifQ:1q7fdk:HFd9U6XN32csvnXoxGJcEk7vxNIyzNkChhzAAIGxvTs", "expire_date": "2023-06-23T17:11:08.043Z"}}, {"model": "sessions.session", "pk": "t9af419fmtvp9sguxhck2mgg3cbbdrr1", "fields": {"session_data": "eyJjYXJ0X2lkIjoiODMxY2MwMDZlZTgxNDk0MGIyZjkzYzkwNmEzNGY0MTkifQ:1q7yUC:55BriPuceKIVnOcMVBNWSiHVsHoI7BkwrRoN1PrPn28", "expire_date": "2023-06-24T13:18:32.203Z"}}, {"model": "sessions.session", "pk": "tbdhwkaivguz8xjr5misjm3yf8xwlxv5", "fields": {"session_data": "eyJjYXJ0X2lkIjoiNjMxNTUxYzA1MDEzNGJlY2E2MmVmMjViZDBhNDMyMjYifQ:1qCfGf:eHmkXhzOG5m2XW8N9hPP6gUrIeJ-XqtzDb1cff00R74", "expire_date": "2023-07-07T11:47:57.934Z"}}, {"model": "sessions.session", "pk": "tc3itq19l2psmgbgwdj65261h77cay07", "fields": {"session_data": "eyJjYXJ0X2lkIjoiNDI0OWM4OTYzNDQ3NGY4M2FlOGIyYjNhYWZlMzYyMTUifQ:1q7fmA:5fNkbcGjWXnFw0S65qJ-jPw1GwQ0xbOz-1ygGD9rNq8", "expire_date": "2023-06-23T17:19:50.012Z"}}, {"model": "sessions.session", "pk": "tgf75lynbzeqflkq7btczzoph3ua53ei", "fields": {"session_data": "eyJjYXJ0X2lkIjoiMjFhNjRlYWUyN2ExNDZlN2I2NDlhYmU5NmM0NzZkM2YifQ:1q7flx:60nBItEcedXc9-O9MR8gkRn3eJtZYDGXgAEYEYbSSZI", "expire_date": "2023-06-23T17:19:37.302Z"}}, {"model": "sessions.session", "pk": "tgicrwqljibfhe4ipvdnohu2cjylulit", "fields": {"session_data": "e30:1q7Nvo:6jPN3B8z1Mx_o-MD-6mJosBgMntI7X11Az9kIqLWsSo", "expire_date": "2023-06-22T22:16:36.576Z"}}, {"model": "sessions.session", "pk": "tgkomd0sovqnqp5er8rg51tdlv6w9y9b", "fields": {"session_data": "eyJjYXJ0X2lkIjoiNTJmYWI5YTdiMDRlNDJmZjk4N2Y5ZTlkNzkyNWRlZTkifQ:1q7flh:4uI7aFLjldpK5FluhWgHFqbzaGRuP3jA4RcyA9Wh-uQ", "expire_date": "2023-06-23T17:19:21.751Z"}}, {"model": "sessions.session", "pk": "tl2e92xt4o0mkktrjdrniw1ivjzacfpf", "fields": {"session_data": "eyJjYXJ0X2lkIjoiMDA1MmI0ODZjYjgzNGIxNDkxYjgwMmRmYzY2Njc2OTIifQ:1qCfFP:_97gSPw1vHchJTD4LHb3ThLU2_aHoV4mwVhV90bIMWM", "expire_date": "2023-07-07T11:46:39.532Z"}}, {"model": "sessions.session", "pk": "tuo644znll7o8bsot2xc9pyp449a7ajl", "fields": {"session_data": ".eJxVjEsOwjAMBe-SNYrcOMSGJXvOUNlOQvmolfpZIe4OFd10-2bmvZ3JOLf37M5OYz5VAyUgjqjIVZUpWeacUU3cwbWyzF27TGX8J81-U7Fn6VeQH9LfBm9DP4939aviNzr565DL67K5u4NOpu5XM3FjmIiBjWolPJaAuQQxFjFsADFESalqqiCQNEopGikFiArA7vMF96dE2g:1q7HVt:S9_nJPymwHdRxXYx1paMxvjSfiqrZKJBm85NIpgoy3E", "expire_date": "2023-06-22T15:25:25.088Z"}}, {"model": "sessions.session", "pk": "twi3o4gv96o9a1cavaybgyn8kbg193aq", "fields": {"session_data": "eyJjYXJ0X2lkIjoiN2YzYWM3NjU3MGNlNDY1Y2I2OTM0MzcyMmQ4MTdkNTQifQ:1q7zwY:UHPvgupVStJV6lT2IskrVQe0-3_WUWHvKDFU9x6kgU8", "expire_date": "2023-06-24T14:51:54.200Z"}}, {"model": "sessions.session", "pk": "tyvn0vagdnq8ihm6bw7rbmwuwkjvzqk2", "fields": {"session_data": "eyJjYXJ0X2lkIjoiZGJjNjY3MmE2MjA0NDNlMGI4Njk0NDU2OWVjMmE3YjQifQ:1qB1WN:BEIzmwVu98mBBJ5w2vd3omguvEFLdHGZ7Ead6HS_YsE", "expire_date": "2023-07-02T23:09:23.454Z"}}, {"model": "sessions.session", "pk": "u25hjkn4mwbz4vur0n7ycdgf9qhp345y", "fields": {"session_data": "eyJjYXJ0X2lkIjoiZGI5YmQ2Y2E1YzFkNDRmMTkxM2NmZmU4ZDQ0MjRlNDYifQ:1qAyUt:hVQlhAwzfcv1NMGJo2KnY3xr0KAtxi6nvwS_f-Bih-w", "expire_date": "2023-07-02T19:55:39.992Z"}}, {"model": "sessions.session", "pk": "u3844imm54gk3guabzuwtlhpgq15ek8s", "fields": {"session_data": "eyJjYXJ0X2lkIjoiOGZkMjg1MmY3ZDkxNDljZTk5NDA2YzcyMTQ1OWNmZDkifQ:1qCfGj:9geMmRE66EHGKv4FqmzRmMn1pnDKkg8FVIi6-1WPTss", "expire_date": "2023-07-07T11:48:01.564Z"}}, {"model": "sessions.session", "pk": "u4nxr09nmiayde49lcdqxhyh3i8etyh4", "fields": {"session_data": "eyJjYXJ0X2lkIjoiNTk4ZmM1ZmVmYjUxNGQ0NWI5N2Q5OTA4Y2U3MzNiMzgifQ:1qBd55:eZlJDICicwBS8FMzUaCSoRylf5a1Xok88KGZ0ty6Sf4", "expire_date": "2023-07-04T15:15:43.199Z"}}, {"model": "sessions.session", "pk": "ug7e4d1mszl6cjhc9h41wfmt3pf97ioy", "fields": {"session_data": "eyJjYXJ0X2lkIjoiNTAwNzE5N2Q5YjEzNDcxZmE4ODE3ODI3NTc2N2Y2NWIifQ:1q7ec7:SV84a8J1nm2ZNB-gPu5ThH2yy4GXt3KL98nZa7l1MMc", "expire_date": "2023-06-23T16:05:23.438Z"}}, {"model": "sessions.session", "pk": "uhlqiwrv3edpmw9lchnzrkv5k08qj3uc", "fields": {"session_data": "eyJjYXJ0X2lkIjoiM2RmOTBjMDlhNDVhNDhhODg4Nzc0YTc2NWRmYTVmNGQifQ:1q7Nk5:xFOy7fEwnByZoO2beMDZEMbrNhCsi_UfM2ezImiv-cc", "expire_date": "2023-06-22T22:04:29.764Z"}}, {"model": "sessions.session", "pk": "ujiaaeu8zpmjyng5haabipby7x81wq6b", "fields": {"session_data": "eyJjYXJ0X2lkIjoiMjY0MGZhZWZhNGY2NDliMWFiMDQzMzA0NTE4M2E3NjMifQ:1q7ij0:VVk7_X-PTURX1A0SlznFCG3Io1q2lWSBvIDd9bsPdsI", "expire_date": "2023-06-23T20:28:46.353Z"}}, {"model": "sessions.session", "pk": "uppbhqnjhaajmiupukxzmafse90jg7z4", "fields": {"session_data": "eyJjYXJ0X2lkIjoiNmZhNDhhODIwM2JjNGI5ZWJjNjg0ZmJhZTYzNDAxYTIifQ:1q7zZO:ytnSSOl3_9UQAn1prr5s9d2iqm3LKINT0i9C_pJkdB0", "expire_date": "2023-06-24T14:27:58.626Z"}}, {"model": "sessions.session", "pk": "uput7etnbre2ygsvpcsr4qcqpjn4ioej", "fields": {"session_data": "eyJjYXJ0X2lkIjoiOWZiMDc2ZjRkOWRmNDRkYzg5YzQxNzBlMGNlMmZjZjkifQ:1qC8El:HiComIwq-Wvo8eeRPX-OaTSTg-knkN7xCjLCYHclfu8", "expire_date": "2023-07-06T00:31:47.367Z"}}, {"model": "sessions.session", "pk": "usuj8x7zmva5yv11z4rl800zxyo8tx1k", "fields": {"session_data": "eyJjYXJ0X2lkIjoiOGRlYTNiMmQ5ODQ2NDk4NTg5M2MyMzYyYWVkN2E2OWIifQ:1q7g1k:xXAE5b55dz4-CRPijuC3uqpIae97W_XxTTJ1pDEYzU0", "expire_date": "2023-06-23T17:35:56.444Z"}}, {"model": "sessions.session", "pk": "uu6sbvz0hq9y6mchcftdfw7a5ic8y48e", "fields": {"session_data": "eyJjYXJ0X2lkIjoiOWVlYTkzOWJkZDczNGU5ODhjYWJiZjNkYzUxYTRmOTQifQ:1q7fBZ:teOTVjuoPnE2U7R-LHITazBoaKLf6SQwnWw0pbw7Rzk", "expire_date": "2023-06-23T16:42:01.148Z"}}, {"model": "sessions.session", "pk": "uusm1pq2b811idr6c5wf9th3r4sbbr1c", "fields": {"session_data": "eyJjYXJ0X2lkIjoiMjVlMjU2M2IzMTdiNDQ5N2IzODYwNGQzNjA1Y2NlMzAifQ:1q7zZO:uykkVIoSx9-1BNK_guRpisb8PKEi-Cxu0t9-ZI4K53E", "expire_date": "2023-06-24T14:27:58.765Z"}}, {"model": "sessions.session", "pk": "uv944s84ohpzjjx75jlzxlco7yugt76y", "fields": {"session_data": "eyJjYXJ0X2lkIjoiMjgzNzU2ZDVjNzRlNDIxMThjMmI0YTdmYjY5OGMwZTgifQ:1qBd5B:bJVu8G-jKQOtVrcvfz6_qAhNnuQ5i5C8xe5k8BoQY-I", "expire_date": "2023-07-04T15:15:49.788Z"}}, {"model": "sessions.session", "pk": "uw1mk0kj9algtawk560f07kbwh71q6k3", "fields": {"session_data": "eyJjYXJ0X2lkIjoiMmVmMTBmMWFmYmU4NDM4YTllYzg5ODllNWNjYzY1MTMifQ:1q7zSD:T_h7vVFAgA3OG9VoBwlFz-fglOCui8gDe4nZeEnAFR0", "expire_date": "2023-06-24T14:20:33.846Z"}}, {"model": "sessions.session", "pk": "uw256orbhm6jpu4lw2be0ksiqset6zvd", "fields": {"session_data": "eyJjYXJ0X2lkIjoiZGY0ZTYyNGUxOGMxNDU0MGE1ZGM1N2E5ODZlNDJjODUifQ:1q7gPY:aQ_pjFNadn3cYco00GDvQSL2TLJKWTIo_egs2cvoVCQ", "expire_date": "2023-06-23T18:00:32.224Z"}}, {"model": "sessions.session", "pk": "uy0np690evgb8dxf97daxgw28qr9y0kn", "fields": {"session_data": ".eJwVjMsOgjAQRf9l1iRQHLSydu_ShTFkHIaHAm3okJgQ_t12d5Nzz9mBadVmbKGG0qKls1RkLgY7QWqx7MyVLBZSvM0JMgiOR5qI2W2LNkFJBernDov8NBbyFMt5EP66TfMo-NWxhBDZ5PpxSQl2PkoQJ206NJ5WmtMBjgzwHh7eFPjpqxu8jj9zxzIF:1q7rmI:Cr1_KwtiVhZOQYMjQxPmtMUqrJA4qT1pqN_cXTA2XRs", "expire_date": "2023-06-24T06:08:46.426Z"}}, {"model": "sessions.session", "pk": "uymg0yfum3oin4pamo0e1blundil8zvn", "fields": {"session_data": "e30:1q7NwP:EckRH40sNJfjPpUllMJ53pEYeqyMuxvjlKUsdI1QyMs", "expire_date": "2023-06-22T22:17:13.529Z"}}, {"model": "sessions.session", "pk": "v29gpd9yqbmtzd1s18868haxvj8f1j4z", "fields": {"session_data": "eyJjYXJ0X2lkIjoiNzBjYjhjZDg0NGJhNGFhZmJiZDUxODY3YTYxYTlmZDgifQ:1q7yTx:tk9AM4dGc0ETDyrnjETc5gGHx2PI72ApXXkqOR5PVhw", "expire_date": "2023-06-24T13:18:17.430Z"}}, {"model": "sessions.session", "pk": "v72p2qqda6ih9mgekaor6229vh6izke9", "fields": {"session_data": "eyJjYXJ0X2lkIjoiNjE4ZmQ1OTI2Zjc4NGY0MmI2OGJlOTFjYzY2NWMzMWIifQ:1qCfGj:cjCVQPo04rBRy3y9f9r9YvpUKT6OWPyhryYM2eSHPjg", "expire_date": "2023-07-07T11:48:01.991Z"}}, {"model": "sessions.session", "pk": "v8gxkjpo5n4ymnsqcfsyd7tppjxrg44j", "fields": {"session_data": "eyJjYXJ0X2lkIjoiNmY1ZDAxZjdjOWViNDRkZWFkOTFjNzQyMzI2ZTFkYzUifQ:1q7flw:tcl4QOMr9otFKcPMKz6KKMoaVsgIPjdt2wTMu474YLw", "expire_date": "2023-06-23T17:19:36.348Z"}}, {"model": "sessions.session", "pk": "veemv4v02nsuw3z28qsa6fg4prwwvfv1", "fields": {"session_data": "eyJjYXJ0X2lkIjoiOTI1NDExMmQ4MTU5NGU5ZWEwZjQ1YTNkNzZmMmUxOGMifQ:1q7f4O:YAdbtGBhgwmUYYCuKlAqKnl6U03s8rhZCwDue59gTMw", "expire_date": "2023-06-23T16:34:36.547Z"}}, {"model": "sessions.session", "pk": "vhgg7qla5nrf6e0jrj2zetnvxxk4nn0g", "fields": {"session_data": "eyJjYXJ0X2lkIjoiNzhjYzdmYjA4ZjZhNDMwMWE1NWJjNTI1YTFmNjdmODAifQ:1q7ga0:92fBKWFltCx7N6bv6xqC2h3zDfhMYNqv7BKKxHmEDrw", "expire_date": "2023-06-23T18:11:20.168Z"}}, {"model": "sessions.session", "pk": "vmmsqipquetcs8j2srjp6cxuutkxrgkb", "fields": {"session_data": "eyJjYXJ0X2lkIjoiNTEyNjFlOGM4NzA3NDI3Yjg2N2I4YTlhNDQ4MDI5MGMifQ:1qBd5C:WDkbvNQuzO7ypc3t-owSvdoh66reIImzZnXsyKkJxcA", "expire_date": "2023-07-04T15:15:50.000Z"}}, {"model": "sessions.session", "pk": "vonkgetlfua1wi78nsesa64n1hrvvz4e", "fields": {"session_data": "eyJjYXJ0X2lkIjoiMzBkOWVkZTZhMjgxNDk5Yjg3NTJkMWQwYWYwNGE0YjIifQ:1q7fen:oczkvRx0tc2HphrrQgZ25oIU3c9ECmYl-3IDJEfr2ew", "expire_date": "2023-06-23T17:12:13.828Z"}}, {"model": "sessions.session", "pk": "vp13ud2yv69so0bljpevozffb5tq5rgv", "fields": {"session_data": "eyJjYXJ0X2lkIjoiY2YzNzFlMWIxNjIzNDUzOGE3ZTA2NTBhOWViNDJkYzEifQ:1q7zLY:53NGjUfnmmJJKqK7u5OIUmWf8ls93MUa6qV7x4HZJgs", "expire_date": "2023-06-24T14:13:40.616Z"}}, {"model": "sessions.session", "pk": "vqm3tn6eq535bneb44nh5w6wxalju6wa", "fields": {"session_data": "eyJjYXJ0X2lkIjoiM2VmYzViNmFhZTBjNDc3ZDkzYjEyNzg3MDhhZjY4NzYifQ:1q7g1s:Zy2dbcr7LtyvkZhep0jJkwreIKZHK-_EaGYw3fg-Rqw", "expire_date": "2023-06-23T17:36:04.307Z"}}, {"model": "sessions.session", "pk": "vvyow1h16zjyx3b826d416pts5hzk8h9", "fields": {"session_data": "eyJjYXJ0X2lkIjoiYmJlZGNjMTliZDYxNGM5Y2I5ZmZiNDNiOTNjOWY4OTcifQ:1q7Xre:242_-iG-pVNoMfrpmTPsxTiL63kcdWiAQlJFS4Of1Wo", "expire_date": "2023-06-23T08:52:58.222Z"}}, {"model": "sessions.session", "pk": "vxj1pv2uacaarth6v9bp79d6a0kmuqfm", "fields": {"session_data": "eyJjYXJ0X2lkIjoiOWQ3OGUzZDk4ZGU0NDg4OTg2YTdkNjhjMjU4YmViM2IifQ:1q7zWW:IG4WI8249_k8la-0NVoTvjJLWpJWlqPoJhFwLkr9jOE", "expire_date": "2023-06-24T14:25:00.813Z"}}, {"model": "sessions.session", "pk": "w2hyv4mck1ju7cetkwmyeiihz06f8j10", "fields": {"session_data": "eyJjYXJ0X2lkIjoiMGQ0NzBmOGI0MzdlNGEzNWI2YmRmMjMzYTUzM2ZhN2EifQ:1q7Nxl:9P5iFywMrf8w0aGLJrRQCaQQrXsZjC2BjoLLh8psBUA", "expire_date": "2023-06-22T22:18:37.016Z"}}, {"model": "sessions.session", "pk": "w2mvb0xhxuhc5ghgirahhw7jur7sbxo4", "fields": {"session_data": "eyJjYXJ0X2lkIjoiMWM5NmM0NjZiODFjNGNkMzhiMDg1YmM1ZjI3NDg3MjIifQ:1qB1WH:iZ5o0FFMSyl2SPfVUZCh5SGVvGbuKaAuN7L4xoL3xVI", "expire_date": "2023-07-02T23:09:17.574Z"}}, {"model": "sessions.session", "pk": "wavb7esa4ilq13a4z85h0ktwenv6y49x", "fields": {"session_data": "eyJjYXJ0X2lkIjoiMmI3N2Y0M2NiYjI0NDI5NmI1MDFkM2I2YWUyYTRjZDIifQ:1q7ga6:NoIbD6tnYHmV4QLV1OzdgfiqfjjyDtZvgCFYwtqQdvs", "expire_date": "2023-06-23T18:11:26.599Z"}}, {"model": "sessions.session", "pk": "wbl4nmyj5heq1uujpkqqamyxto09xq33", "fields": {"session_data": "eyJjYXJ0X2lkIjoiZjQ4MjFiNTZiZDIwNDY5Nzg4ZGY1ZTBkNWRhYzYzNjgifQ:1qAyUs:VoxhLKEp-RoLK73Wr8A6jGlEcysd5yaNksbxE9RwD9Q", "expire_date": "2023-07-02T19:55:38.587Z"}}, {"model": "sessions.session", "pk": "wet7z4a4o7h2iizqypk4mosnkmwpiwvv", "fields": {"session_data": "eyJjYXJ0X2lkIjoiYmY1ZTgwOWRlNWRlNDg4OGJjMGMxN2FlZTljZjM0ZTgifQ:1q8Rja:FR8S_kzM9itNXpn6pWav9EVW6EkqYYBf2J_1WY4s0do", "expire_date": "2023-06-25T20:32:22.339Z"}}, {"model": "sessions.session", "pk": "wgicwlh0muniwobz10jssdc7qeapc16y", "fields": {"session_data": "eyJjYXJ0X2lkIjoiOTk4Mjg5MWUxZWVkNDc2MDlhYWU3NWQ5YmVjMGUxZTMifQ:1qBd4w:62N9yKytOweiJ28gf2gdNcW_RJCgZzsJbV2RHCWnmZM", "expire_date": "2023-07-04T15:15:34.380Z"}}, {"model": "sessions.session", "pk": "ws4gn5w65rl0eesvpnaeeevbdcbq5o21", "fields": {"session_data": "eyJjYXJ0X2lkIjoiMGYxZTlmMTAyOWFhNDg1ZmE0ZTNmN2Y3YzgyNzgzMGQifQ:1qCPyf:U0aAwWhxwf5iQNr6b9EdSbQ0NGt6jIuUu3isvqdTZWU", "expire_date": "2023-07-06T19:28:21.260Z"}}, {"model": "sessions.session", "pk": "ws4vvnhwm3xo4z4sqz9hqs7nqiu3cv5z", "fields": {"session_data": "eyJjYXJ0X2lkIjoiMGUxYjA0MmRjNzQ2NDY1ODlhZmZjN2I2M2YyZjAzMjQifQ:1q7zZ9:nV3wwajXciT20a0fTqdYvmlNzhrRG8bhTNbg4EQatXk", "expire_date": "2023-06-24T14:27:43.568Z"}}, {"model": "sessions.session", "pk": "wya2srm58arm5cxuna5jy83mwp0s67bd", "fields": {"session_data": "eyJjYXJ0X2lkIjoiYzk1NjVlMTJlZjc1NDE2ZmEyY2Y4MGU5MDNmNTliZWYifQ:1q7zWN:pyeSRGixn_Gsu2WKCY3dVJdGafjFGe4WzCNjXFbNVvo", "expire_date": "2023-06-24T14:24:51.982Z"}}, {"model": "sessions.session", "pk": "x1ygqaxpyffwx8x8shzojrtmaqpyce6d", "fields": {"session_data": "eyJjYXJ0X2lkIjoiOGM2NzJkYTU3MDgzNGFhNGEyYzQ5MjAyMTU1NDFhN2UifQ:1q7zt2:G7yZTpubwvu7hbgitGF0n7RKSZ0_lnkzBC2em977gIw", "expire_date": "2023-06-24T14:48:16.381Z"}}, {"model": "sessions.session", "pk": "xcxun7rrfm4uif9u7uhe9du4dq0cn685", "fields": {"session_data": "eyJjYXJ0X2lkIjoiNDU2YWIzYmViMDVlNGQxZTk0NTAwMmJmNzA4NWRlZTQifQ:1q7gOe:QSYEBkl8gKedilI-kdiIkZdMQdsPaormvPkQeiLYq9I", "expire_date": "2023-06-23T17:59:36.945Z"}}, {"model": "sessions.session", "pk": "xd1ig0e3403mekq90rt1jrv014bvyyt2", "fields": {"session_data": "eyJjYXJ0X2lkIjoiMmIyMGJhMmJiNTc4NGQ3YmFiOWQ1OTI3NGRmODdmZTIifQ:1q7XpV:KBhs1FwkTMKu3rNXci496urlWx1AdcWNLHJ7mx0Zd4M", "expire_date": "2023-06-23T08:50:45.984Z"}}, {"model": "sessions.session", "pk": "xepeaqntk26gsd7eki7mwjhzidtmc546", "fields": {"session_data": "eyJjYXJ0X2lkIjoiNmU2OWQ3MDBmYzllNGQ2NTk2N2I0MGEzMjZhNjUyNzQifQ:1q7XAb:lMGANvC_isA9uA75pQR4sxnsyk5T5P-em0LC3AZkYNI", "expire_date": "2023-06-23T08:08:29.682Z"}}, {"model": "sessions.session", "pk": "xfbfnq78bhob0ahah2obvtgdwe7tnlkz", "fields": {"session_data": "eyJjYXJ0X2lkIjoiMDkwNTE3MjdhZjdkNGJmMDlkYWU2YzQyMTlmZTY4NDAifQ:1q7zN9:zx8SIRv4TkS9moTlUZ1iirzVWuDOqsiyegAC7pifZtI", "expire_date": "2023-06-24T14:15:19.433Z"}}, {"model": "sessions.session", "pk": "xgpw7o35mzns9m2w1q0vjdtwpsvho1ch", "fields": {"session_data": "eyJjYXJ0X2lkIjoiMTI1ZjE1OGNkZDAzNGUxZDk4M2NjODkxNWZjNjk3N2EifQ:1q8RjT:WtK7xTxuvI9SXSqIqZ3V_xiuTobmWjLcdjj0LxvRbjA", "expire_date": "2023-06-25T20:32:15.962Z"}}, {"model": "sessions.session", "pk": "xirdkq7s6ksh4c4irab4w0vckisqve3j", "fields": {"session_data": "eyJjYXJ0X2lkIjoiNDRlMDgxNmE5NWQ2NGNlNWE5OGE3ODIxZTRiYmU3MzgifQ:1qCYwu:y9x3klixAhbunpTkBfyMAmErLblnAMBtjpfXVDCvN6A", "expire_date": "2023-07-07T05:03:08.535Z"}}, {"model": "sessions.session", "pk": "xiz80qdie8wmbqoor3cx1xfli8p1c3cf", "fields": {"session_data": "eyJjYXJ0X2lkIjoiMzY0Y2UxOTczZWI5NDFkZGFjZmJlYTY4NDQ0NWE1NzEifQ:1q7zLS:RTKBO09vvjCJ3gSD6fTu93yrptE9CDV4FtoKN2yV1A8", "expire_date": "2023-06-24T14:13:34.370Z"}}, {"model": "sessions.session", "pk": "xma1vtedbewlwl50ic038fnow8dxk4p5", "fields": {"session_data": "eyJjYXJ0X2lkIjoiMGNjNTI1OThjNDM3NDI1OThiYzFkMWRhZWI4MTQxYzUifQ:1qCfHo:HaMU2-wTNJCtmJfA9Nf8z2oHs6cCtug2WzdgIpBnzWs", "expire_date": "2023-07-07T11:49:08.881Z"}}, {"model": "sessions.session", "pk": "xmp6fmaoptwxovoo9ul99t0u4o64aslv", "fields": {"session_data": "eyJjYXJ0X2lkIjoiM2YyZDE5YjBkZTJlNDg2ZWJjMjI0MTVhNTQwY2QzMTQifQ:1q7zMz:VE_M7kEaOu1RShjDtkF2I7Me3rGpC9u6WQYANiiXOcE", "expire_date": "2023-06-24T14:15:09.242Z"}}, {"model": "sessions.session", "pk": "xresxvnhx5y5okbxdyhd8d0fjr9gshh1", "fields": {"session_data": "eyJjYXJ0X2lkIjoiZWE0NmM1MzQ0NGVjNDhmYWJjNjRjMmQzNGQ4MjNmNjEifQ:1q7fa7:bqjwTO709eMmyWLW6ya7qnYidHblvYKlWEamNfjB8T8", "expire_date": "2023-06-23T17:07:23.267Z"}}, {"model": "sessions.session", "pk": "y1migzotmyixuzhpwj5yxvt1lkzxqga8", "fields": {"session_data": "eyJjYXJ0X2lkIjoiMmY4ZjM0ZjE3NzVjNDU4MmE4NDZjMzM2YTExNTZkNjIifQ:1q7fBi:FiGZi5uo-XJJ5vWz-R27obq4-NDv52mag__9mOaVSag", "expire_date": "2023-06-23T16:42:10.893Z"}}, {"model": "sessions.session", "pk": "y6z4t81ue4jel90dcat3vv713c6slvhg", "fields": {"session_data": "eyJjYXJ0X2lkIjoiZmJkYmFmOTRlZmNlNGEzMWIzM2I0YjUwOTJkNWY0YzUifQ:1qC8F4:xDC6e4Up2hsHNLza3Pukuha_AAcwgNlE7uEzx3H5OyA", "expire_date": "2023-07-06T00:32:06.395Z"}}, {"model": "sessions.session", "pk": "y7mz0tnp9ghxmvjg0ngi16ndmxkghx6h", "fields": {"session_data": "eyJjYXJ0X2lkIjoiOGIyZGM1ZDM5NTVlNGVjYmJmMmI4ZDJlOTA0ZmQ1N2YifQ:1qAyW9:c4nfB7mCLKcfQ4y0OV8CNZRBmLcYuWNq2uPWbBbvxv8", "expire_date": "2023-07-02T19:56:57.566Z"}}, {"model": "sessions.session", "pk": "y80b06u6ihui1xrofsuoz1wpu4ilu1km", "fields": {"session_data": "eyJjYXJ0X2lkIjoiOWMxZTkxZTcwMzg4NDU1OWIwNGE3MzgzODQxYThkYWEifQ:1q7gJE:Zl4non3KagZbxNaSqJzGG5tXXuolACq7yxoROOEE7vc", "expire_date": "2023-06-23T17:54:00.845Z"}}, {"model": "sessions.session", "pk": "ygmegnawhno6rpkxppb9ardmlh1ybprf", "fields": {"session_data": "eyJjYXJ0X2lkIjoiMTFmNmRiMTgxOTBjNDU5ZThkYmY5OGM0M2IwZTJmNzYifQ:1q7fYE:D4qwrrGt9cz127MKkuqxgpK4ynqi3hgOFuHt1ATO5pk", "expire_date": "2023-06-23T17:05:26.316Z"}}, {"model": "sessions.session", "pk": "yk1vrffmv1jbhuk2vs6ui94q4nsqyxyh", "fields": {"session_data": "eyJjYXJ0X2lkIjoiZjI4NjllZDJiMWRhNDMzYWFlYjhhN2Y1OWZjNmE4ZTAifQ:1q7zZw:Q-Jyq2arP5jNsdZ5CGnkbMQVN_HnTSvYaBTxVrOqsKQ", "expire_date": "2023-06-24T14:28:32.746Z"}}, {"model": "sessions.session", "pk": "ymtk8bbylt3mwlmnvu1767dzzm5crjaa", "fields": {"session_data": "eyJjYXJ0X2lkIjoiNGNjZDllNTNmYTRlNGZiYmExNWM5YTI5ZmQ4ZDM2YTEifQ:1q7fm2:CDCT80QCVyRJyVHk9ZIOS_XqZFiWskJeYY9mcZIFVJQ", "expire_date": "2023-06-23T17:19:42.542Z"}}, {"model": "sessions.session", "pk": "yoha43qe0sab488exhkk8gfu9p5m8yp3", "fields": {"session_data": "eyJjYXJ0X2lkIjoiODZkMDhlMjFlMWJiNGZiNGEyYjAxOWFkOGQwYzkxZDgifQ:1q7eqo:t9TQ9ZfsS6yV2kVqbvspAobKtTMOqyfd74Wnb_qRi_I", "expire_date": "2023-06-23T16:20:34.777Z"}}, {"model": "sessions.session", "pk": "yosdd7mclbr7vmin8kqyeutymt2aqshb", "fields": {"session_data": "eyJjYXJ0X2lkIjoiZTYxZWMxYjMxMTdiNGZkMDhkOWY4MzIwODhkNzczNmEifQ:1q7flq:npLkzco_YygQd1iegMROMTsasMUO9y1w0G7ahMZOe8k", "expire_date": "2023-06-23T17:19:30.303Z"}}, {"model": "sessions.session", "pk": "ypvhn12xn73iez70d8c4gkeikgnx4j62", "fields": {"session_data": "eyJjYXJ0X2lkIjoiOWY4YzdkZGZhY2Y3NDNjNThmNDRjYTU1OWM4ZDEzMGYifQ:1q7zZH:Dq0zak5_3sq8bOS90cOKgR3Z64Mq5-sJHnU27iNyC3s", "expire_date": "2023-06-24T14:27:51.840Z"}}, {"model": "sessions.session", "pk": "ysixelfz17il2sg4bar1x50a0o28fzsu", "fields": {"session_data": "eyJjYXJ0X2lkIjoiYmNiMzk1MzQ4ODliNDMwMDkwNzhiMmFjYjdjZWRhN2QifQ:1q7zMu:ecWpiK7o_bQIVcCs72YRkAUZrPMJn4A-TiWfsB9gfC0", "expire_date": "2023-06-24T14:15:04.675Z"}}, {"model": "sessions.session", "pk": "yxh814hi2sgczk2lp1iu4mjzts0quwex", "fields": {"session_data": "eyJjYXJ0X2lkIjoiNzdjOTIxZTA2NDE0NDM0ODkyNGI1MjcxZDQ4YzU4MDYifQ:1q7fYX:CjABSQd82oVl7l3nq4rLmtegIig7BlJwLkTJ4zsWB7g", "expire_date": "2023-06-23T17:05:45.822Z"}}, {"model": "sessions.session", "pk": "z0qls8s71dmurfrawrourhxatu1rtq69", "fields": {"session_data": "eyJjYXJ0X2lkIjoiZGQ0MmMyZTJiNmZjNGM5YzlmNmIwMWFiZjNmNWMwMjMifQ:1q8Rbg:Vro3jlRV6GCw0SPzXh7qNN6kELxSgDbay3Tk5PNq2I4", "expire_date": "2023-06-25T20:24:12.447Z"}}, {"model": "sessions.session", "pk": "z7bct19f3wkd1580vvmo1g71jbn8ttfj", "fields": {"session_data": "eyJjYXJ0X2lkIjoiMjZmNmU2NGIzYjg5NDkyN2ExNDE5MDM3NTA1NzlmNGUifQ:1q7gBf:1lTn-jTiUS265LrbsBy4paS6kRcWnSlkFaeX89-glv0", "expire_date": "2023-06-23T17:46:11.886Z"}}, {"model": "sessions.session", "pk": "zecglimx98phi2fdrtsfofbwxf8aed25", "fields": {"session_data": "eyJjYXJ0X2lkIjoiZTg3MDg0ZWMyNjA3NDdhMGJlNGRiMGNlZjUyODRhNDgifQ:1q7ga0:IkU2TuQlkyj05r00aE8HE4hWagyoJrqiC8m3c0iAf1k", "expire_date": "2023-06-23T18:11:20.097Z"}}, {"model": "sessions.session", "pk": "zhocmpewayzhwe3u14i49jh9ow0hokx4", "fields": {"session_data": "eyJjYXJ0X2lkIjoiN2IxYzcwYjM1YjZhNDhhMWJmNWUyZmQ4ZmM0ZDc0NDkifQ:1q7Woc:_4WOmPSvRKhgoqJjBy7NrXF5k-QSLJuiFyLpcjVxu-o", "expire_date": "2023-06-23T07:45:46.623Z"}}, {"model": "sessions.session", "pk": "zohfn30xt5lwrlzc9elrh9zb49b8i4l9", "fields": {"session_data": "eyJjYXJ0X2lkIjoiNGZhNjAwYjE4MjZkNGM1Yjk4YjRiMmRlYmM5MmFkYjQifQ:1q7g1i:5C8LwL4L4FoYLgpwfdunh5n_KBCewON0AhbUF0UNevo", "expire_date": "2023-06-23T17:35:54.491Z"}}, {"model": "sites.site", "pk": 1, "fields": {"domain": "example.com", "name": "example.com"}}, {"model": "account.emailaddress", "pk": 1, "fields": {"user": 2, "email": "da11@iitbbs.ac.in", "verified": true, "primary": true}}, {"model": "account.emailaddress", "pk": 2, "fields": {"user": 3, "email": "vjg10@iitbbs.ac.in", "verified": true, "primary": true}}, {"model": "account.emailaddress", "pk": 3, "fields": {"user": 4, "email": "paperfotography@gmail.com", "verified": true, "primary": true}}, {"model": "socialaccount.socialaccount", "pk": 1, "fields": {"user": 2, "provider": "google", "uid": "112140833099759321603", "last_login": "2023-06-18T19:54:37.189Z", "date_joined": "2023-06-08T13:43:37.113Z", "extra_data": "{\"iss\": \"https://accounts.google.com\", \"azp\": \"826094995012-s244o1udtf5nhmjom4s8ul8a0te4lcp1.apps.googleusercontent.com\", \"aud\": \"826094995012-s244o1udtf5nhmjom4s8ul8a0te4lcp1.apps.googleusercontent.com\", \"sub\": \"112140833099759321603\", \"hd\": \"iitbbs.ac.in\", \"email\": \"da11@iitbbs.ac.in\", \"email_verified\": true, \"at_hash\": \"oSjKZcr6VjBI6VG0AwCs7w\", \"name\": \"Dheeresh Agarwal\", \"picture\": \"https://lh3.googleusercontent.com/a/AAcHTtds-bsaq2nEpD_bc3p4UlMijyV_z6R2yHnMZWDCXQc=s96-c\", \"given_name\": \"Dheeresh\", \"family_name\": \"Agarwal\", \"locale\": \"en\", \"iat\": 1687118077, \"exp\": 1687121677}"}}, {"model": "socialaccount.socialaccount", "pk": 2, "fields": {"user": 3, "provider": "google", "uid": "109859959502175960805", "last_login": "2023-06-08T22:29:01.247Z", "date_joined": "2023-06-08T14:42:09.868Z", "extra_data": "{\"iss\": \"https://accounts.google.com\", \"azp\": \"826094995012-s244o1udtf5nhmjom4s8ul8a0te4lcp1.apps.googleusercontent.com\", \"aud\": \"826094995012-s244o1udtf5nhmjom4s8ul8a0te4lcp1.apps.googleusercontent.com\", \"sub\": \"109859959502175960805\", \"hd\": \"iitbbs.ac.in\", \"email\": \"vjg10@iitbbs.ac.in\", \"email_verified\": true, \"at_hash\": \"eDY2eWDKTrWbUmcRdGuVpQ\", \"name\": \"VIPLOVE JAGDISH GADKARI\", \"picture\": \"https://lh3.googleusercontent.com/a/AAcHTteKTeWxCRb15nTo7tLCNZL0g2APf1T8SIoAS8yN=s96-c\", \"given_name\": \"VIPLOVE JAGDISH\", \"family_name\": \"GADKARI\", \"locale\": \"en\", \"iat\": 1686263343, \"exp\": 1686266943}"}}, {"model": "socialaccount.socialaccount", "pk": 3, "fields": {"user": 4, "provider": "google", "uid": "106593116011544593590", "last_login": "2023-06-08T22:55:53.246Z", "date_joined": "2023-06-08T22:55:53.246Z", "extra_data": "{\"iss\": \"https://accounts.google.com\", \"azp\": \"826094995012-s244o1udtf5nhmjom4s8ul8a0te4lcp1.apps.googleusercontent.com\", \"aud\": \"826094995012-s244o1udtf5nhmjom4s8ul8a0te4lcp1.apps.googleusercontent.com\", \"sub\": \"106593116011544593590\", \"email\": \"paperfotography@gmail.com\", \"email_verified\": true, \"at_hash\": \"tIiwEZE62QgiFpKLcLl6ag\", \"name\": \"paper foto\", \"picture\": \"https://lh3.googleusercontent.com/a/AAcHTtey5wWuM0h3ti_NLN-0JSqct_650R-yNrIDUzoE=s96-c\", \"given_name\": \"paper\", \"family_name\": \"foto\", \"locale\": \"en\", \"iat\": 1686264955, \"exp\": 1686268555}"}}, {"model": "category.category", "pk": 1, "fields": {"name": "plushies", "slug": "plushies", "image": "images/categories/plushies.png"}}, {"model": "category.category", "pk": 2, "fields": {"name": "keychains", "slug": "keychains", "image": "images/categories/keychains.png"}}, {"model": "category.category", "pk": 3, "fields": {"name": "figurines", "slug": "figurines", "image": "images/categories/figurines.png"}}, {"model": "category.category", "pk": 4, "fields": {"name": "stickers", "slug": "stickers", "image": "images/categories/stickers.png"}}, {"model": "category.category", "pk": 5, "fields": {"name": "arts", "slug": "arts", "image": "images/categories/arts.png"}}, {"model": "category.category", "pk": 6, "fields": {"name": "acrylics", "slug": "acrylics", "image": "images/categories/acrylics.png"}}, {"model": "product.product", "pk": 1, "fields": {"name": "nami keychain", "slug": "nami-keychain", "description": "Set sail with Nami, the skilled navigator of the Straw Hat Pirates from One Piece, with this stylish keychain. Featuring her iconic orange hair and confident stance, this keychain showcases Nami's adventurous spirit and expertise in navigating the treacherous seas. Carry Nami with you wherever you go and let her guide you on your own exciting adventures.", "price": 9, "stock": 8, "is_available": true, "sold": 2, "category": 2, "image": "images/products/nami-keychain.png", "created_date": "2023-06-08T10:37:12.929Z", "modified_date": "2023-06-10T12:54:39.895Z", "avg_rating": 4.5, "total_reviews": 0}}, {"model": "product.product", "pk": 3, "fields": {"name": "naruto keychain", "slug": "naruto-keychain", "description": "Carry the spirit of Naruto Uzumaki, the charismatic ninja with big dreams, with this cool and compact keychain. With his trademark orange outfit and confident pose, this keychain captures Naruto's unwavering spirit and his journey to become the Hokage. Let Naruto inspire you to chase your dreams and never give up, no matter the obstacles you face", "price": 9, "stock": 8, "is_available": true, "sold": 2, "category": 2, "image": "images/products/naruto-keychain.png", "created_date": "2023-06-08T10:40:03.345Z", "modified_date": "2023-06-10T12:55:48.970Z", "avg_rating": 3.5, "total_reviews": 0}}, {"model": "product.product", "pk": 4, "fields": {"name": "ichigo acrylic stand", "slug": "ichigo-acrylic-stand", "description": "Showcase the determined and fearless Ichigo Kurosaki, the main protagonist of the anime series Bleach, with this stylish acrylic stand. With his striking orange hair, determined expression, and Zanpakuto at the ready, Ichigo embodies bravery and strength. Display this stand as a testament to Ichigo's unwavering resolve and his role as a Soul Reaper.", "price": 399, "stock": 8, "is_available": true, "sold": 2, "category": 6, "image": "images/products/ichigo-acrylic-stand.png", "created_date": "2023-06-08T10:41:31.887Z", "modified_date": "2023-06-10T12:55:49.169Z", "avg_rating": 4.5, "total_reviews": 0}}, {"model": "product.product", "pk": 5, "fields": {"name": "squirtle keychain", "slug": "squirtle-keychain", "description": "Carry the charm of the Water-type Pokmon, Squirtle, wherever you go with this adorable keychain. With its mischievous expression and its reputation as a lovable troublemaker, Squirtle adds a playful touch to your keys or bags. Let Squirtle accompany you on your daily adventures and bring a smile to your face with its irresistible cuteness.", "price": 29, "stock": 8, "is_available": true, "sold": 2, "category": 2, "image": "images/products/squirtle-keychain.png", "created_date": "2023-06-08T10:43:30.077Z", "modified_date": "2023-06-10T12:58:05.309Z", "avg_rating": 4.5, "total_reviews": 0}}, {"model": "product.product", "pk": 10, "fields": {"name": "megumin figurine", "slug": "megumin-figurine", "description": "Embrace the explosive magic and eccentric charm of Megumin, the lovable arch-wizard from the anime series \"KonoSuba: God's Blessing on this Wonderful World!\" with this captivating figurine. Capturing her signature pose, Megumin is shown with her staff raised high, ready to unleash her mighty explosion magic. The intricate details of her mage robes, wide-brimmed hat, and the intense determination in her eyes make this figurine a must-have for fans. Display this figurine proudly and let Megumin's passion for all things explosive ignite your own enthusiasm for adventure and magic.", "price": 549, "stock": 8, "is_available": true, "sold": 2, "category": 3, "image": "images/products/megumin-figurine.png", "created_date": "2023-06-08T10:46:53.679Z", "modified_date": "2023-06-10T12:58:05.631Z", "avg_rating": 4.5, "total_reviews": 0}}, {"model": "product.product", "pk": 13, "fields": {"name": "luffy acrylic stand", "slug": "luffy-acrylic-stand", "description": "Embrace the spirit of adventure and boundless optimism with this vibrant Luffy acrylic stand. As the captain of the Straw Hat Pirates, Luffy's cheerful nature and determination are palpable in his dynamic pose and wide grin. This stand serves as a constant reminder to chase your dreams and face challenges head-on, just like the beloved protagonist of One Piece.", "price": 399, "stock": 8, "is_available": true, "sold": 2, "category": 6, "image": "images/products/luffy-acrylic-stand.png", "created_date": "2023-06-08T10:50:55.805Z", "modified_date": "2023-06-10T12:58:06.267Z", "avg_rating": 3.5, "total_reviews": 0}}, {"model": "product.product", "pk": 16, "fields": {"name": "vegeta acrylic stand", "slug": "vegeta-acrylic-stand", "description": "Showcase the indomitable pride and strength of Vegeta, the proud Saiyan prince, with this stylish and durable acrylic stand. With a fierce expression and his iconic Saiyan armor, Vegeta stands tall, exuding confidence and power. Place this stand on your desk, shelf, or display case to honor one of Dragon Ball Z's most iconic characters.", "price": 349, "stock": 8, "is_available": true, "sold": 2, "category": 6, "image": "images/products/vegeta-acrylic-stand.png", "created_date": "2023-06-08T10:52:28.439Z", "modified_date": "2023-06-10T12:58:06.141Z", "avg_rating": 4.0, "total_reviews": 0}}, {"model": "product.product", "pk": 17, "fields": {"name": "blazing naruto", "slug": "blazing-naruto", "description": "Feel the intensity and power of Naruto Uzumaki with this dynamic and energetic artwork. As flames dance around him, Naruto's determination shines through. This blazing depiction captures his fiery spirit and unwavering resolve to protect his loved ones and become the greatest ninja. With vibrant colors and striking imagery, this artwork is a perfect addition to any Naruto fan's collection.", "price": 99, "stock": 7, "is_available": true, "sold": 3, "category": 5, "image": "images/products/blazing-naruto.png", "created_date": "2023-06-08T10:53:31.913Z", "modified_date": "2023-06-10T12:58:53.473Z", "avg_rating": 4.5, "total_reviews": 0}}, {"model": "product.product", "pk": 18, "fields": {"name": "ghost girl", "slug": "ghost-girl", "description": "Step into a world of mystery and ethereal beauty with this captivating art piece. The Ghost Girl is a mesmerizing depiction of a hauntingly beautiful female ghost, evoking an otherworldly sense of wonder. The delicate details, from her flowing ethereal gown to her enigmatic gaze, invite you to unravel her story. Display this art piece to add an enchanting touch to your surroundings.", "price": 79, "stock": 8, "is_available": true, "sold": 2, "category": 5, "image": "images/products/ghost-girl.png", "created_date": "2023-06-08T10:53:55.060Z", "modified_date": "2023-06-09T15:26:36.138Z", "avg_rating": 4.0, "total_reviews": 2}}, {"model": "product.product", "pk": 19, "fields": {"name": "red luffy", "slug": "red-luffy", "description": "Immerse yourself in the world of One Piece with this striking artwork depicting Luffy, the determined and adventurous pirate captain. Dressed in a vibrant red outfit that symbolizes his fiery spirit, Luffy stands tall with his signature straw hat and confident grin. The intricate details and dynamic pose bring this artwork to life, making it a must-have for any fan of the beloved anime series.", "price": 99, "stock": 7, "is_available": true, "sold": 3, "category": 5, "image": "images/products/red-luffy.png", "created_date": "2023-06-08T10:54:17.282Z", "modified_date": "2023-06-10T12:58:06.013Z", "avg_rating": 4.5, "total_reviews": 0}}, {"model": "product.product", "pk": 20, "fields": {"name": "sailor moon sticker", "slug": "sailor-moon-sticker", "description": "Add a touch of magic and nostalgia to your belongings with this vibrant and adorable sticker featuring the iconic Sailor Moon. With her trademark pigtails, magical girl attire, and determination to protect the world from evil forces, this sticker captures the essence of the beloved anime character. Stick it on your laptop, notebook, or any surface that could use a sprinkle of Sailor Moon's charm.", "price": 29, "stock": 4, "is_available": true, "sold": 6, "category": 4, "image": "images/products/sailor-moon-sticker.png", "created_date": "2023-06-08T10:55:37.339Z", "modified_date": "2023-06-09T18:04:40.148Z", "avg_rating": 3.5, "total_reviews": 0}}, {"model": "product.product", "pk": 21, "fields": {"name": "itachi sticker", "slug": "itachi-sticker", "description": "Pay tribute to one of the most iconic characters from Naruto with this striking Itachi sticker. Featuring the enigmatic Itachi Uchiha, this sticker showcases his Sharingan-embellished eyes and calm yet intense expression. Stick it on your notebook, water bottle, or any surface to evoke the aura of mystery and power associated with this complex and legendary character.", "price": 29, "stock": 6, "is_available": true, "sold": 4, "category": 4, "image": "images/products/itachi-sticker.png", "created_date": "2023-06-08T12:57:08.988Z", "modified_date": "2023-06-10T12:58:05.888Z", "avg_rating": 4.5, "total_reviews": 0}}, {"model": "product.product", "pk": 23, "fields": {"name": "vegeta sticker", "slug": "vegeta-sticker", "description": "Showcase your love for the Prince of Saiyans with this dynamic Vegeta sticker. Featuring the fierce and prideful Vegeta in action, this sticker captures his iconic Super Saiyan form or one of his powerful battle poses. Stick it on your laptop, phone, or any surface to add a touch of Saiyan power and assertiveness to your belongings.", "price": 49, "stock": 7, "is_available": true, "sold": 3, "category": 4, "image": "images/products/vegeta-sticker.png", "created_date": "2023-06-08T12:58:03.536Z", "modified_date": "2023-06-10T12:58:05.759Z", "avg_rating": 4.0, "total_reviews": 0}}, {"model": "product.product", "pk": 24, "fields": {"name": "eren yeager figurine", "slug": "eren-yeager-figurine", "description": "Commemorate the protagonist of Attack on Titan, Eren Yeager, with this powerful figurine. Capturing Eren in his determined and intense stance, this figurine depicts his growth from a determined youth to a formidable warrior. From the details of his Vertical Maneuvering Equipment to the expression on his face, every element reflects his unwavering resolve to protect humanity. Display this figurine and let Eren inspire you to face challenges head-on and fight for what you believe in.", "price": 549, "stock": 3, "is_available": true, "sold": 7, "category": 3, "image": "images/products/eren-yeager-figurine.png", "created_date": "2023-06-08T13:00:13.907Z", "modified_date": "2023-06-10T12:58:05.505Z", "avg_rating": 4.0, "total_reviews": 0}}, {"model": "product.product", "pk": 25, "fields": {"name": "naruto plushy", "slug": "naruto-plushy", "description": "Embrace the spirit of the shinobi world with this adorable Naruto plushy! This plushy captures the essence of everyone's favorite ninja. Naruto is depicted in his iconic orange jumpsuit, complete with the Konoha headband proudly worn across his forehead. The plushy is incredibly soft and cuddly, making it perfect for both children and adult fans of the Naruto series. Whether you want to display it as part of your Naruto collection or cuddle up with it as you watch your favorite episodes, this Naruto plushy is sure to bring a smile to your face. Join Naruto on his journey to become Hokage and let his determination and unwavering spirit inspire you to never give up on your dreams.", "price": 99, "stock": 9, "is_available": true, "sold": 1, "category": 1, "image": "images/products/naruto-plushy.png", "created_date": "2023-06-10T12:44:01.483Z", "modified_date": "2023-06-10T13:15:08.115Z", "avg_rating": 5.0, "total_reviews": 1}}, {"model": "product.product", "pk": 26, "fields": {"name": "zoro plushy", "slug": "zoro-plushy", "description": "Bring home the legendary swordsman with this Zoro plushy! This plushy is soft, huggable, and perfect for snuggling. Zoro is depicted in his iconic green bandana and black attire, complete with his signature three swords. The attention to detail is remarkable, from the carefully embroidered facial features to the meticulously stitched outfit. Whether you're a fan of One Piece or simply love collecting plushies, this Zoro plushy is a must-have addition to your collection. Let Zoro's stoic yet determined expression and his unwavering loyalty inspire you on your own adventures.", "price": 249, "stock": 9, "is_available": true, "sold": 1, "category": 1, "image": "images/products/zoro-plushy.png", "created_date": "2023-06-10T12:44:22.356Z", "modified_date": "2023-06-10T14:52:46.911Z", "avg_rating": 4.0, "total_reviews": 1}}, {"model": "product.product", "pk": 28, "fields": {"name": "sailor moon plushy", "slug": "sailor-moon-plushy", "description": "Experience the magic with this adorable Sailor Moon plushy! Inspired by the beloved anime and manga series, this plushy features the iconic character Sailor Moon. With her golden twin-tailed hair and signature sailor uniform, Sailor Moon comes to life in a huggable form. Perfect for fans and collectors, this plushy is crafted with attention to detail and captures Sailor Moon's timeless charm. Whether you display it on your shelf or cuddle up with it, this Sailor Moon plushy is a delightful reminder of the beloved magical girl series. Let Sailor Moon's courage and belief in love inspire you on your own journey of friendship and adventure.", "price": 299, "stock": 9, "is_available": true, "sold": 1, "category": 1, "image": "images/products/sailor-moon-plushy.png", "created_date": "2023-06-10T13:02:53.292Z", "modified_date": "2023-06-10T14:52:35.467Z", "avg_rating": 4.0, "total_reviews": 1}}, {"model": "product.product", "pk": 29, "fields": {"name": "chopper plushy", "slug": "chopper-plushy", "description": "Join the adventure with this adorable Chopper plushy! Inspired by the popular anime and manga series, this plushy brings to life the lovable reindeer character. With his blue hat, fluffy antlers, and cute pink nose, Chopper is ready to charm fans of all ages. This meticulously crafted plushy captures Chopper's endearing expression and vibrant colors. Whether displayed on your shelf or hugged tightly, this Chopper plushy is a must-have for One Piece enthusiasts. Let Chopper's innocence and loyalty brighten your day and transport you to the captivating world of One Piece.", "price": 199, "stock": 9, "is_available": true, "sold": 1, "category": 1, "image": "images/products/chopper-plushy.png", "created_date": "2023-06-10T13:05:27.291Z", "modified_date": "2023-06-10T14:52:24.125Z", "avg_rating": 4.0, "total_reviews": 1}}, {"model": "product.variation", "pk": 1, "fields": {"product": 4, "variation_category": "size", "variation_value": "15 cm", "is_active": true, "created_date": "2023-06-08T11:05:28.238Z", "modified_date": "2023-06-08T11:05:28.238Z"}}, {"model": "product.variation", "pk": 2, "fields": {"product": 4, "variation_category": "size", "variation_value": "18 cm", "is_active": true, "created_date": "2023-06-08T11:06:04.298Z", "modified_date": "2023-06-08T13:35:29.850Z"}}, {"model": "product.variation", "pk": 5, "fields": {"product": 1, "variation_category": "size", "variation_value": "default", "is_active": true, "created_date": "2023-06-08T11:06:54.688Z", "modified_date": "2023-06-08T11:06:54.688Z"}}, {"model": "product.variation", "pk": 8, "fields": {"product": 17, "variation_category": "size", "variation_value": "15 x 15 cm", "is_active": true, "created_date": "2023-06-08T11:08:00.810Z", "modified_date": "2023-06-08T11:08:32.139Z"}}, {"model": "product.variation", "pk": 9, "fields": {"product": 17, "variation_category": "size", "variation_value": "18 x 18 cm", "is_active": true, "created_date": "2023-06-08T11:08:46.911Z", "modified_date": "2023-06-08T13:35:46.023Z"}}, {"model": "product.variation", "pk": 13, "fields": {"product": 3, "variation_category": "size", "variation_value": "default", "is_active": true, "created_date": "2023-06-08T11:18:56.029Z", "modified_date": "2023-06-08T11:18:56.029Z"}}, {"model": "product.variation", "pk": 16, "fields": {"product": 5, "variation_category": "size", "variation_value": "default", "is_active": true, "created_date": "2023-06-08T11:19:24.948Z", "modified_date": "2023-06-08T11:19:24.948Z"}}, {"model": "product.variation", "pk": 27, "fields": {"product": 10, "variation_category": "size", "variation_value": "15 cm", "is_active": true, "created_date": "2023-06-08T11:21:36.720Z", "modified_date": "2023-06-08T11:21:36.720Z"}}, {"model": "product.variation", "pk": 28, "fields": {"product": 10, "variation_category": "size", "variation_value": "18 cm", "is_active": true, "created_date": "2023-06-08T11:21:45.368Z", "modified_date": "2023-06-08T13:35:03.546Z"}}, {"model": "product.variation", "pk": 35, "fields": {"product": 16, "variation_category": "size", "variation_value": "15 cm", "is_active": true, "created_date": "2023-06-08T11:23:00.756Z", "modified_date": "2023-06-08T11:23:00.756Z"}}, {"model": "product.variation", "pk": 36, "fields": {"product": 16, "variation_category": "size", "variation_value": "18 cm", "is_active": true, "created_date": "2023-06-08T11:23:06.748Z", "modified_date": "2023-06-08T13:34:49.397Z"}}, {"model": "product.variation", "pk": 37, "fields": {"product": 18, "variation_category": "size", "variation_value": "15 x 15 cm", "is_active": true, "created_date": "2023-06-08T11:23:41.027Z", "modified_date": "2023-06-08T11:23:41.027Z"}}, {"model": "product.variation", "pk": 38, "fields": {"product": 19, "variation_category": "size", "variation_value": "15 x 15 cm", "is_active": true, "created_date": "2023-06-08T11:23:52.055Z", "modified_date": "2023-06-08T13:36:00.826Z"}}, {"model": "product.variation", "pk": 39, "fields": {"product": 20, "variation_category": "size", "variation_value": "default", "is_active": true, "created_date": "2023-06-08T11:24:03.355Z", "modified_date": "2023-06-08T11:24:03.355Z"}}, {"model": "product.variation", "pk": 154, "fields": {"product": 21, "variation_category": "size", "variation_value": "default", "is_active": true, "created_date": "2023-06-08T13:24:59.722Z", "modified_date": "2023-06-08T13:24:59.722Z"}}, {"model": "product.variation", "pk": 156, "fields": {"product": 23, "variation_category": "size", "variation_value": "default", "is_active": true, "created_date": "2023-06-08T13:25:16.209Z", "modified_date": "2023-06-08T13:25:16.209Z"}}, {"model": "product.variation", "pk": 157, "fields": {"product": 24, "variation_category": "size", "variation_value": "15 cm", "is_active": true, "created_date": "2023-06-08T13:25:25.343Z", "modified_date": "2023-06-08T13:25:25.343Z"}}, {"model": "product.variation", "pk": 158, "fields": {"product": 24, "variation_category": "size", "variation_value": "18 cm", "is_active": true, "created_date": "2023-06-08T13:25:37.151Z", "modified_date": "2023-06-08T13:34:41.253Z"}}, {"model": "product.variation", "pk": 207, "fields": {"product": 19, "variation_category": "size", "variation_value": "18 x 18 cm", "is_active": true, "created_date": "2023-06-08T13:36:12.649Z", "modified_date": "2023-06-08T13:36:12.649Z"}}, {"model": "product.variation", "pk": 208, "fields": {"product": 18, "variation_category": "size", "variation_value": "18 x 18 cm", "is_active": true, "created_date": "2023-06-08T13:36:18.489Z", "modified_date": "2023-06-08T13:36:18.489Z"}}, {"model": "product.variation", "pk": 255, "fields": {"product": 13, "variation_category": "size", "variation_value": "15 cm", "is_active": true, "created_date": "2023-06-08T13:52:34.228Z", "modified_date": "2023-06-08T13:52:34.228Z"}}, {"model": "product.variation", "pk": 256, "fields": {"product": 13, "variation_category": "size", "variation_value": "18 cm", "is_active": true, "created_date": "2023-06-08T13:52:47.857Z", "modified_date": "2023-06-08T13:52:47.857Z"}}, {"model": "product.variation", "pk": 257, "fields": {"product": 1, "variation_category": "gift", "variation_value": "gift", "is_active": true, "created_date": "2023-06-10T13:12:08.696Z", "modified_date": "2023-06-10T13:12:08.696Z"}}, {"model": "product.variation", "pk": 258, "fields": {"product": 1, "variation_category": "gift", "variation_value": "no", "is_active": true, "created_date": "2023-06-10T13:12:08.751Z", "modified_date": "2023-06-10T13:12:08.751Z"}}, {"model": "product.variation", "pk": 259, "fields": {"product": 19, "variation_category": "gift", "variation_value": "gift", "is_active": true, "created_date": "2023-06-10T13:12:09.137Z", "modified_date": "2023-06-10T13:12:09.137Z"}}, {"model": "product.variation", "pk": 260, "fields": {"product": 19, "variation_category": "gift", "variation_value": "no", "is_active": true, "created_date": "2023-06-10T13:12:09.197Z", "modified_date": "2023-06-10T13:12:09.197Z"}}, {"model": "product.variation", "pk": 261, "fields": {"product": 18, "variation_category": "gift", "variation_value": "gift", "is_active": true, "created_date": "2023-06-10T13:12:09.573Z", "modified_date": "2023-06-10T13:12:09.573Z"}}, {"model": "product.variation", "pk": 262, "fields": {"product": 18, "variation_category": "gift", "variation_value": "no", "is_active": true, "created_date": "2023-06-10T13:12:09.626Z", "modified_date": "2023-06-10T13:12:09.626Z"}}, {"model": "product.variation", "pk": 263, "fields": {"product": 3, "variation_category": "gift", "variation_value": "gift", "is_active": true, "created_date": "2023-06-10T13:12:09.998Z", "modified_date": "2023-06-10T13:12:09.998Z"}}, {"model": "product.variation", "pk": 264, "fields": {"product": 3, "variation_category": "gift", "variation_value": "no", "is_active": true, "created_date": "2023-06-10T13:12:10.052Z", "modified_date": "2023-06-10T13:12:10.052Z"}}, {"model": "product.variation", "pk": 265, "fields": {"product": 4, "variation_category": "gift", "variation_value": "gift", "is_active": true, "created_date": "2023-06-10T13:12:10.442Z", "modified_date": "2023-06-10T13:12:10.442Z"}}, {"model": "product.variation", "pk": 266, "fields": {"product": 4, "variation_category": "gift", "variation_value": "no", "is_active": true, "created_date": "2023-06-10T13:12:10.496Z", "modified_date": "2023-06-10T13:12:10.496Z"}}, {"model": "product.variation", "pk": 267, "fields": {"product": 5, "variation_category": "gift", "variation_value": "gift", "is_active": true, "created_date": "2023-06-10T13:12:10.882Z", "modified_date": "2023-06-10T13:12:10.882Z"}}, {"model": "product.variation", "pk": 268, "fields": {"product": 5, "variation_category": "gift", "variation_value": "no", "is_active": true, "created_date": "2023-06-10T13:12:10.936Z", "modified_date": "2023-06-10T13:12:10.936Z"}}, {"model": "product.variation", "pk": 269, "fields": {"product": 10, "variation_category": "gift", "variation_value": "gift", "is_active": true, "created_date": "2023-06-10T13:12:11.311Z", "modified_date": "2023-06-10T13:12:11.311Z"}}, {"model": "product.variation", "pk": 270, "fields": {"product": 10, "variation_category": "gift", "variation_value": "no", "is_active": true, "created_date": "2023-06-10T13:12:11.363Z", "modified_date": "2023-06-10T13:12:11.363Z"}}, {"model": "product.variation", "pk": 271, "fields": {"product": 16, "variation_category": "gift", "variation_value": "gift", "is_active": true, "created_date": "2023-06-10T13:12:11.751Z", "modified_date": "2023-06-10T13:12:11.751Z"}}, {"model": "product.variation", "pk": 272, "fields": {"product": 16, "variation_category": "gift", "variation_value": "no", "is_active": true, "created_date": "2023-06-10T13:12:11.805Z", "modified_date": "2023-06-10T13:12:11.805Z"}}, {"model": "product.variation", "pk": 273, "fields": {"product": 13, "variation_category": "gift", "variation_value": "gift", "is_active": true, "created_date": "2023-06-10T13:12:12.181Z", "modified_date": "2023-06-10T13:12:12.181Z"}}, {"model": "product.variation", "pk": 274, "fields": {"product": 13, "variation_category": "gift", "variation_value": "no", "is_active": true, "created_date": "2023-06-10T13:12:12.234Z", "modified_date": "2023-06-10T13:12:12.234Z"}}, {"model": "product.variation", "pk": 275, "fields": {"product": 17, "variation_category": "gift", "variation_value": "gift", "is_active": true, "created_date": "2023-06-10T13:12:12.609Z", "modified_date": "2023-06-10T13:12:12.609Z"}}, {"model": "product.variation", "pk": 276, "fields": {"product": 17, "variation_category": "gift", "variation_value": "no", "is_active": true, "created_date": "2023-06-10T13:12:12.667Z", "modified_date": "2023-06-10T13:12:12.667Z"}}, {"model": "product.variation", "pk": 277, "fields": {"product": 20, "variation_category": "gift", "variation_value": "gift", "is_active": true, "created_date": "2023-06-10T13:12:13.047Z", "modified_date": "2023-06-10T13:12:13.047Z"}}, {"model": "product.variation", "pk": 278, "fields": {"product": 20, "variation_category": "gift", "variation_value": "no", "is_active": true, "created_date": "2023-06-10T13:12:13.101Z", "modified_date": "2023-06-10T13:12:13.101Z"}}, {"model": "product.variation", "pk": 279, "fields": {"product": 29, "variation_category": "gift", "variation_value": "gift", "is_active": true, "created_date": "2023-06-10T13:12:13.209Z", "modified_date": "2023-06-10T13:12:13.209Z"}}, {"model": "product.variation", "pk": 280, "fields": {"product": 29, "variation_category": "gift", "variation_value": "no", "is_active": true, "created_date": "2023-06-10T13:12:13.262Z", "modified_date": "2023-06-10T13:12:13.262Z"}}, {"model": "product.variation", "pk": 281, "fields": {"product": 24, "variation_category": "gift", "variation_value": "gift", "is_active": true, "created_date": "2023-06-10T13:12:13.638Z", "modified_date": "2023-06-10T13:12:13.638Z"}}, {"model": "product.variation", "pk": 282, "fields": {"product": 24, "variation_category": "gift", "variation_value": "no", "is_active": true, "created_date": "2023-06-10T13:12:13.691Z", "modified_date": "2023-06-10T13:12:13.691Z"}}, {"model": "product.variation", "pk": 283, "fields": {"product": 23, "variation_category": "gift", "variation_value": "gift", "is_active": true, "created_date": "2023-06-10T13:12:14.089Z", "modified_date": "2023-06-10T13:12:14.089Z"}}, {"model": "product.variation", "pk": 284, "fields": {"product": 23, "variation_category": "gift", "variation_value": "no", "is_active": true, "created_date": "2023-06-10T13:12:14.142Z", "modified_date": "2023-06-10T13:12:14.142Z"}}, {"model": "product.variation", "pk": 285, "fields": {"product": 21, "variation_category": "gift", "variation_value": "gift", "is_active": true, "created_date": "2023-06-10T13:12:14.517Z", "modified_date": "2023-06-10T13:12:14.517Z"}}, {"model": "product.variation", "pk": 286, "fields": {"product": 21, "variation_category": "gift", "variation_value": "no", "is_active": true, "created_date": "2023-06-10T13:12:14.570Z", "modified_date": "2023-06-10T13:12:14.570Z"}}, {"model": "product.variation", "pk": 287, "fields": {"product": 28, "variation_category": "gift", "variation_value": "gift", "is_active": true, "created_date": "2023-06-10T13:12:14.677Z", "modified_date": "2023-06-10T13:12:14.677Z"}}, {"model": "product.variation", "pk": 288, "fields": {"product": 28, "variation_category": "gift", "variation_value": "no", "is_active": true, "created_date": "2023-06-10T13:12:14.730Z", "modified_date": "2023-06-10T13:12:14.730Z"}}, {"model": "product.variation", "pk": 289, "fields": {"product": 26, "variation_category": "gift", "variation_value": "gift", "is_active": true, "created_date": "2023-06-10T13:12:14.837Z", "modified_date": "2023-06-10T13:12:14.837Z"}}, {"model": "product.variation", "pk": 290, "fields": {"product": 26, "variation_category": "gift", "variation_value": "no", "is_active": true, "created_date": "2023-06-10T13:12:14.890Z", "modified_date": "2023-06-10T13:12:14.890Z"}}, {"model": "product.variation", "pk": 291, "fields": {"product": 25, "variation_category": "gift", "variation_value": "gift", "is_active": true, "created_date": "2023-06-10T13:12:15.007Z", "modified_date": "2023-06-10T13:12:15.007Z"}}, {"model": "product.variation", "pk": 292, "fields": {"product": 25, "variation_category": "gift", "variation_value": "no", "is_active": true, "created_date": "2023-06-10T13:12:15.067Z", "modified_date": "2023-06-10T13:12:15.067Z"}}, {"model": "product.variation", "pk": 293, "fields": {"product": 29, "variation_category": "size", "variation_value": "15 cm", "is_active": true, "created_date": "2023-06-10T14:39:18.429Z", "modified_date": "2023-06-10T14:39:18.429Z"}}, {"model": "product.variation", "pk": 294, "fields": {"product": 29, "variation_category": "size", "variation_value": "18 cm", "is_active": true, "created_date": "2023-06-10T14:39:26.331Z", "modified_date": "2023-06-10T14:39:26.331Z"}}, {"model": "product.variation", "pk": 295, "fields": {"product": 26, "variation_category": "size", "variation_value": "15 cm", "is_active": true, "created_date": "2023-06-10T14:39:37.955Z", "modified_date": "2023-06-10T14:39:37.955Z"}}, {"model": "product.variation", "pk": 296, "fields": {"product": 26, "variation_category": "size", "variation_value": "18 cm", "is_active": true, "created_date": "2023-06-10T14:39:45.070Z", "modified_date": "2023-06-10T14:39:45.070Z"}}, {"model": "product.variation", "pk": 297, "fields": {"product": 28, "variation_category": "size", "variation_value": "15 cm", "is_active": true, "created_date": "2023-06-10T14:39:52.850Z", "modified_date": "2023-06-10T14:39:52.850Z"}}, {"model": "product.variation", "pk": 298, "fields": {"product": 28, "variation_category": "size", "variation_value": "18 cm", "is_active": true, "created_date": "2023-06-10T14:39:59.031Z", "modified_date": "2023-06-10T14:39:59.031Z"}}, {"model": "product.variation", "pk": 299, "fields": {"product": 25, "variation_category": "size", "variation_value": "15 cm", "is_active": true, "created_date": "2023-06-10T14:40:06.722Z", "modified_date": "2023-06-10T14:40:06.722Z"}}, {"model": "product.variation", "pk": 300, "fields": {"product": 25, "variation_category": "size", "variation_value": "18 cm", "is_active": true, "created_date": "2023-06-10T14:40:15.169Z", "modified_date": "2023-06-10T14:40:15.169Z"}}, {"model": "cart.cart", "pk": 1, "fields": {"cart_id": "71a1d3489e114d868cfb9b0c5aaa7809"}}, {"model": "cart.cart", "pk": 2, "fields": {"cart_id": "cdaa975e7eaf46ee89e3b44617325718"}}, {"model": "cart.cart", "pk": 3, "fields": {"cart_id": "648f1f3f59b644f4bde038011d41a11f"}}, {"model": "cart.cart", "pk": 4, "fields": {"cart_id": "16b1f5a5ae2d4c1e91ec10d5bb7d672d"}}, {"model": "cart.cart", "pk": 5, "fields": {"cart_id": "81fbd5ee4c584684bdcdf11d7f4a376e"}}, {"model": "cart.cart", "pk": 6, "fields": {"cart_id": "19397ab9efaf49bc9a956fa2d4fee124"}}, {"model": "cart.cart", "pk": 7, "fields": {"cart_id": "7eef4815ca53496e80e23d4af437ca95"}}, {"model": "cart.cart", "pk": 8, "fields": {"cart_id": "104dc1b12ae547da99c2d8d72b9c8fa7"}}, {"model": "cart.cart", "pk": 9, "fields": {"cart_id": "5fadc6d709284a39bdb95f54cfd69b70"}}, {"model": "cart.cart", "pk": 10, "fields": {"cart_id": "296fe10087ea44d58560983d27d3de8b"}}, {"model": "cart.cart", "pk": 11, "fields": {"cart_id": "0057675c7d7e4d49911d92c3460e2605"}}, {"model": "cart.cart", "pk": 12, "fields": {"cart_id": "ce753a648f994e2ab26039d5b61280db"}}, {"model": "cart.cart", "pk": 13, "fields": {"cart_id": "b4d9fc0b707843b38fbb876cd8dd3bca"}}, {"model": "cart.cart", "pk": 14, "fields": {"cart_id": "1d19e88a89d4403d99877a75fd57751a"}}, {"model": "cart.cart", "pk": 15, "fields": {"cart_id": "e4a675fe5c7c4d58952862c78e32494b"}}, {"model": "cart.cart", "pk": 16, "fields": {"cart_id": "a3ff19a2ed6d41a9aefa1f3d96571441"}}, {"model": "cart.cart", "pk": 17, "fields": {"cart_id": "746557e231e44c9183cf1663d0638ee4"}}, {"model": "cart.cart", "pk": 18, "fields": {"cart_id": "19f26c14aa234feeae7433e07a156a58"}}, {"model": "cart.cart", "pk": 19, "fields": {"cart_id": "65e80e750f4442b8b7d21b5ebc1ac183"}}, {"model": "cart.cart", "pk": 20, "fields": {"cart_id": "3df90c09a45a48a888774a765dfa5f4d"}}, {"model": "cart.cart", "pk": 21, "fields": {"cart_id": "e5b30c326feb4cbe9a882808dff8e106"}}, {"model": "cart.cart", "pk": 22, "fields": {"cart_id": "c836669216f244fb9fb42e194257c69e"}}, {"model": "cart.cart", "pk": 23, "fields": {"cart_id": "cbcef1b7876547bd8c11e5a046bbf459"}}, {"model": "cart.cart", "pk": 24, "fields": {"cart_id": "0d470f8b437e4a35b6bdf233a533fa7a"}}, {"model": "cart.cart", "pk": 25, "fields": {"cart_id": "50118304a97447c58253cbd2d2f19b67"}}, {"model": "cart.cart", "pk": 26, "fields": {"cart_id": "d6a53e7a6af7464e9bafe2625d4b2f2f"}}, {"model": "cart.cart", "pk": 27, "fields": {"cart_id": "de849983b4db4c699c0ed9d3394e9465"}}, {"model": "cart.cart", "pk": 28, "fields": {"cart_id": "2fb9ac8bdc82495cb106bbe95936c991"}}, {"model": "cart.cart", "pk": 29, "fields": {"cart_id": "5f2747d829974bafb797543913ff1ace"}}, {"model": "cart.cart", "pk": 30, "fields": {"cart_id": "ee14b1093de94568b05432f4baabb9d9"}}, {"model": "cart.cart", "pk": 31, "fields": {"cart_id": "02299f3de94f47cdbf3a8c689cf1eec3"}}, {"model": "cart.cart", "pk": 32, "fields": {"cart_id": "33e4f1495d6348eeb14a9e89714cda51"}}, {"model": "cart.cart", "pk": 33, "fields": {"cart_id": "48be77c5b71a49bf8a467d03ac9bc226"}}, {"model": "cart.cart", "pk": 34, "fields": {"cart_id": "c4db4cfe27b143518d0d83751809be77"}}, {"model": "cart.cart", "pk": 35, "fields": {"cart_id": "465826f1c53a400c95954cf3d09489a7"}}, {"model": "cart.cart", "pk": 36, "fields": {"cart_id": "17883751b0534e4aac917e43ef8a5ab2"}}, {"model": "cart.cart", "pk": 37, "fields": {"cart_id": "fb7f53d121cb4e3d9d66befb6af1cfe1"}}, {"model": "cart.cart", "pk": 38, "fields": {"cart_id": "cabea113a5544004801b496cb54f18cb"}}, {"model": "cart.cart", "pk": 39, "fields": {"cart_id": "555daf7cebc64134986133886e604325"}}, {"model": "cart.cart", "pk": 40, "fields": {"cart_id": "7b1c70b35b6a48a1bf5e2fd8fc4d7449"}}, {"model": "cart.cart", "pk": 41, "fields": {"cart_id": "25848f4f22174fb5ac30e3a54be825b7"}}, {"model": "cart.cart", "pk": 42, "fields": {"cart_id": "2f41685412ca4b94b73341136eaaa73f"}}, {"model": "cart.cart", "pk": 43, "fields": {"cart_id": "1ffff9683c8248d582f7f396846d05ac"}}, {"model": "cart.cart", "pk": 44, "fields": {"cart_id": "6e69d700fc9e4d65967b40a326a65274"}}, {"model": "cart.cart", "pk": 45, "fields": {"cart_id": "e2fb8596674f43b4807310e2ccd9629a"}}, {"model": "cart.cart", "pk": 46, "fields": {"cart_id": "16da54a4ac1d4d9a90a25e6eca31d6fe"}}, {"model": "cart.cart", "pk": 47, "fields": {"cart_id": "2b20ba2bb5784d7bab9d59274df87fe2"}}, {"model": "cart.cart", "pk": 48, "fields": {"cart_id": "6193bb213ccc45648c123348bece6df3"}}, {"model": "cart.cart", "pk": 49, "fields": {"cart_id": "0ea10b3dc54a41f0b325fb29f70fb2ea"}}, {"model": "cart.cart", "pk": 50, "fields": {"cart_id": "bbedcc19bd614c9cb9ffb43b93c9f897"}}, {"model": "cart.cart", "pk": 51, "fields": {"cart_id": "5c729601b0b24d1a96703571a18d0cab"}}, {"model": "cart.cart", "pk": 52, "fields": {"cart_id": "e9232d9145f04bc4af84f4d904f9102d"}}, {"model": "cart.cart", "pk": 53, "fields": {"cart_id": "7cad0056bf50498eb40aff192133a607"}}, {"model": "cart.cart", "pk": 54, "fields": {"cart_id": "96954bbf322749b3adc8f3c8988472dc"}}, {"model": "cart.cart", "pk": 55, "fields": {"cart_id": "9c13751d5d884ed9a4ef25394cd7ad12"}}, {"model": "cart.cart", "pk": 56, "fields": {"cart_id": "fbaf213b00b64c828ddeb391cca424d8"}}, {"model": "cart.cart", "pk": 57, "fields": {"cart_id": "b26a5bda73fb4fb2ac3ad9315056c0d4"}}, {"model": "cart.cart", "pk": 58, "fields": {"cart_id": "c2ced74f4d1f4d8dbcc9a6f52c6cc51f"}}, {"model": "cart.cart", "pk": 59, "fields": {"cart_id": "36b989bf3b5b4ef8b722d269f4bb5e0c"}}, {"model": "cart.cart", "pk": 60, "fields": {"cart_id": "265fbaa1227242a0b68450b540c4b080"}}, {"model": "cart.cart", "pk": 61, "fields": {"cart_id": "ed812aa36da4457690967e883f161fa2"}}, {"model": "cart.cart", "pk": 62, "fields": {"cart_id": "0538eca9fd6a4d7ebb03ee5ae6740edd"}}, {"model": "cart.cart", "pk": 63, "fields": {"cart_id": "5f9ca8339e6b49fb9f827d1b0dfe82b4"}}, {"model": "cart.cart", "pk": 64, "fields": {"cart_id": "54efdd70347744ba9b873c24efa24190"}}, {"model": "cart.cart", "pk": 65, "fields": {"cart_id": "465ccf8671e84db2a60102603d978518"}}, {"model": "cart.cart", "pk": 66, "fields": {"cart_id": "362d65f53fca4f2c845ed82d6ab169e8"}}, {"model": "cart.cart", "pk": 67, "fields": {"cart_id": "6d9a6bc248814f87badd9bb4b45dc71b"}}, {"model": "cart.cart", "pk": 68, "fields": {"cart_id": "ce5947586e2346c189c138b4062af562"}}, {"model": "cart.cart", "pk": 69, "fields": {"cart_id": "e62f83568f7d43e5be5d6381c4358f41"}}, {"model": "cart.cart", "pk": 70, "fields": {"cart_id": "67bf9595790145bf88d0b6d927f8be93"}}, {"model": "cart.cart", "pk": 71, "fields": {"cart_id": "663d09585dc04e8e860a3dc7a9e8dd81"}}, {"model": "cart.cart", "pk": 72, "fields": {"cart_id": "ef5d9c680ef9489db7bfbf2ab11f8271"}}, {"model": "cart.cart", "pk": 73, "fields": {"cart_id": "dcaa8d501b6e448c8111fc60ae34390c"}}, {"model": "cart.cart", "pk": 74, "fields": {"cart_id": "5007197d9b13471fa88178275767f65b"}}, {"model": "cart.cart", "pk": 75, "fields": {"cart_id": "8bb7c12e9079414e9acfe65af08c4e8f"}}, {"model": "cart.cart", "pk": 76, "fields": {"cart_id": "b94847a399ec409f83ba15f3d9478230"}}, {"model": "cart.cart", "pk": 77, "fields": {"cart_id": "39a271a2df5e45eeae050572ffa64d55"}}, {"model": "cart.cart", "pk": 78, "fields": {"cart_id": "b3c8acb3178c43a88cb5ebcab148f14a"}}, {"model": "cart.cart", "pk": 79, "fields": {"cart_id": "9d8e658364964d5c8efd5e7c93e80082"}}, {"model": "cart.cart", "pk": 80, "fields": {"cart_id": "5451100b5a844ebb88f5ede7efe1ed0b"}}, {"model": "cart.cart", "pk": 81, "fields": {"cart_id": "8f1dda705e3242bc9d8f344417103e04"}}, {"model": "cart.cart", "pk": 82, "fields": {"cart_id": "9fe0c11c75af4932beaae1e3565d4cbb"}}, {"model": "cart.cart", "pk": 83, "fields": {"cart_id": "ad00a90477fc40a589021196e892aaed"}}, {"model": "cart.cart", "pk": 84, "fields": {"cart_id": "781abefe0c8745ddb14bdc7c44ce6fb3"}}, {"model": "cart.cart", "pk": 85, "fields": {"cart_id": "d42d930f57784cd083ee47fb0a1162c9"}}, {"model": "cart.cart", "pk": 86, "fields": {"cart_id": "9f9b59c364b3474c9bdbfd1450180573"}}, {"model": "cart.cart", "pk": 87, "fields": {"cart_id": "d721be0f90624f29990ca300bfafdd17"}}, {"model": "cart.cart", "pk": 88, "fields": {"cart_id": "57a48bef055b476fbf5ee2811109c875"}}, {"model": "cart.cart", "pk": 89, "fields": {"cart_id": "a1342d775dbc4dd4964dae5689391e38"}}, {"model": "cart.cart", "pk": 90, "fields": {"cart_id": "86d08e21e1bb4fb4a2b019ad8d0c91d8"}}, {"model": "cart.cart", "pk": 91, "fields": {"cart_id": "e5bdca89cf434b659f08838fe3f4c747"}}, {"model": "cart.cart", "pk": 92, "fields": {"cart_id": "92be8dc637c04cbd9af327214813bed7"}}, {"model": "cart.cart", "pk": 93, "fields": {"cart_id": "9254112d81594e9ea0f45a3d76f2e18c"}}, {"model": "cart.cart", "pk": 94, "fields": {"cart_id": "9eea939bdd734e988cabbf3dc51a4f94"}}, {"model": "cart.cart", "pk": 95, "fields": {"cart_id": "b7a57b4df11544dbbb19d431d86d63c1"}}, {"model": "cart.cart", "pk": 96, "fields": {"cart_id": "a7ae6be0bef94b19a5f9a942f7691f7d"}}, {"model": "cart.cart", "pk": 97, "fields": {"cart_id": "2f8f34f1775c4582a846c336a1156d62"}}, {"model": "cart.cart", "pk": 98, "fields": {"cart_id": "b16ed546bb72432a9140598c8287968c"}}, {"model": "cart.cart", "pk": 99, "fields": {"cart_id": "f0c287284037416282f54fac419180ad"}}, {"model": "cart.cart", "pk": 100, "fields": {"cart_id": "cb09fd40cd644170a2f10f5d8a52037c"}}, {"model": "cart.cart", "pk": 101, "fields": {"cart_id": "b3774df3c6a64ed3be6c995a40f421e5"}}, {"model": "cart.cart", "pk": 102, "fields": {"cart_id": "8c708b5ad1b44b8b9c2a995da9fb3aee"}}, {"model": "cart.cart", "pk": 103, "fields": {"cart_id": "f231ff0254854b2d8dd40ae8d5440022"}}, {"model": "cart.cart", "pk": 104, "fields": {"cart_id": "c138e9039364415c88d6ce28a73bab76"}}, {"model": "cart.cart", "pk": 105, "fields": {"cart_id": "11f6db18190c459e8dbf98c43b0e2f76"}}, {"model": "cart.cart", "pk": 106, "fields": {"cart_id": "3f6edf063b164ca18508411b86e896b8"}}, {"model": "cart.cart", "pk": 107, "fields": {"cart_id": "636019dd6e02410da9296accc2ce151f"}}, {"model": "cart.cart", "pk": 108, "fields": {"cart_id": "63fbffb1d618421ab600624906ac1742"}}, {"model": "cart.cart", "pk": 109, "fields": {"cart_id": "5ae8482dff6945959db2e08cd54918db"}}, {"model": "cart.cart", "pk": 110, "fields": {"cart_id": "d7a3939ccff342ae8809a8b03b694bd2"}}, {"model": "cart.cart", "pk": 111, "fields": {"cart_id": "ff263ffd63ea4459a224ec9ac12d990d"}}, {"model": "cart.cart", "pk": 112, "fields": {"cart_id": "587a707cad5444b59b6ddf6a7980d885"}}, {"model": "cart.cart", "pk": 113, "fields": {"cart_id": "5d53ee0c52704e40a59a31aa377cab53"}}, {"model": "cart.cart", "pk": 114, "fields": {"cart_id": "934b092446ec47df819fc84973ee4659"}}, {"model": "cart.cart", "pk": 115, "fields": {"cart_id": "17f1e8f4ea8d4c72bcc283fe4aeec897"}}, {"model": "cart.cart", "pk": 116, "fields": {"cart_id": "77c921e064144348924b5271d48c5806"}}, {"model": "cart.cart", "pk": 117, "fields": {"cart_id": "0dfaaeda10cd4aa08217daa9dcf89b76"}}, {"model": "cart.cart", "pk": 118, "fields": {"cart_id": "2410a31499c84d01833836e733eda644"}}, {"model": "cart.cart", "pk": 119, "fields": {"cart_id": "9c82bea01fa4416aa5e52e011773f593"}}, {"model": "cart.cart", "pk": 120, "fields": {"cart_id": "ea46c53444ec48fabc64c2d34d823f61"}}, {"model": "cart.cart", "pk": 121, "fields": {"cart_id": "0e96f867dbfb462084e45f94439dcab8"}}, {"model": "cart.cart", "pk": 122, "fields": {"cart_id": "583b2727ce6c412a90fc0ab615c2e8a5"}}, {"model": "cart.cart", "pk": 123, "fields": {"cart_id": "081e9b7935eb4660a216f516900d0675"}}, {"model": "cart.cart", "pk": 124, "fields": {"cart_id": "31555c3ff9154c86b6309a9fd5b75bea"}}, {"model": "cart.cart", "pk": 125, "fields": {"cart_id": "079422c5665d4fb7b56c43f9dbddb9b0"}}, {"model": "cart.cart", "pk": 126, "fields": {"cart_id": "369ef8f025a54e3cbec3b0aae359b524"}}, {"model": "cart.cart", "pk": 127, "fields": {"cart_id": "8a44ea13651b43778b7f15217b5d25dd"}}, {"model": "cart.cart", "pk": 128, "fields": {"cart_id": "94f56cd368e94f64bc5c592e6420f5d4"}}, {"model": "cart.cart", "pk": 129, "fields": {"cart_id": "02a0e5f1546d4dd4a787757a91a3b3ed"}}, {"model": "cart.cart", "pk": 130, "fields": {"cart_id": "eaf0f96e4fff4e28a24b02fc08fa567d"}}, {"model": "cart.cart", "pk": 131, "fields": {"cart_id": "0b21415e375b46dcaa47016ce2dbbe5f"}}, {"model": "cart.cart", "pk": 132, "fields": {"cart_id": "6b41ab241321433181830a7b1471bed4"}}, {"model": "cart.cart", "pk": 133, "fields": {"cart_id": "85fcba284b624bd4be127201abcc398b"}}, {"model": "cart.cart", "pk": 134, "fields": {"cart_id": "0730a96ad3fe4737bf876649a73527f8"}}, {"model": "cart.cart", "pk": 135, "fields": {"cart_id": "d867154c097f4633a5bf31ca92d325cd"}}, {"model": "cart.cart", "pk": 136, "fields": {"cart_id": "927b5333dff741e0b32c724447759ca6"}}, {"model": "cart.cart", "pk": 137, "fields": {"cart_id": "2fbe06de43ca4f7991af35e142dcec18"}}, {"model": "cart.cart", "pk": 138, "fields": {"cart_id": "30d9ede6a281499b8752d1d0af04a4b2"}}, {"model": "cart.cart", "pk": 139, "fields": {"cart_id": "52fab9a7b04e42ff987f9e9d7925dee9"}}, {"model": "cart.cart", "pk": 140, "fields": {"cart_id": "df586423ac6b40d8ad55b1c71cf903cc"}}, {"model": "cart.cart", "pk": 141, "fields": {"cart_id": "39f733cbf006475a92f7cf1d985faa05"}}, {"model": "cart.cart", "pk": 142, "fields": {"cart_id": "e61ec1b3117b4fd08d9f832088d7736a"}}, {"model": "cart.cart", "pk": 143, "fields": {"cart_id": "199a07c309c9425181b0e29bd53e96b0"}}, {"model": "cart.cart", "pk": 144, "fields": {"cart_id": "0e51b3d768e8438ab404696f30b8fd88"}}, {"model": "cart.cart", "pk": 145, "fields": {"cart_id": "d0b73c7cc1ad406aa11f3cc6ffb5311d"}}, {"model": "cart.cart", "pk": 146, "fields": {"cart_id": "6f5d01f7c9eb44dead91c742326e1dc5"}}, {"model": "cart.cart", "pk": 147, "fields": {"cart_id": "57a0c46a65854515991df1a7b070517e"}}, {"model": "cart.cart", "pk": 148, "fields": {"cart_id": "3d4d2be466fd4355b2fdfc4e765711de"}}, {"model": "cart.cart", "pk": 149, "fields": {"cart_id": "21a64eae27a146e7b649abe96c476d3f"}}, {"model": "cart.cart", "pk": 150, "fields": {"cart_id": "a3badff0370447e58c98693735899451"}}, {"model": "cart.cart", "pk": 151, "fields": {"cart_id": "4ccd9e53fa4e4fbba15c9a29fd8d36a1"}}, {"model": "cart.cart", "pk": 152, "fields": {"cart_id": "5be38af37c1b42e5add019b97b5cf94f"}}, {"model": "cart.cart", "pk": 153, "fields": {"cart_id": "4249c89634474f83ae8b2b3aafe36215"}}, {"model": "cart.cart", "pk": 154, "fields": {"cart_id": "ff287811d12b4d07b5dacbb3e7d459ee"}}, {"model": "cart.cart", "pk": 155, "fields": {"cart_id": "5634702d844c444c8c183af9d86b9086"}}, {"model": "cart.cart", "pk": 156, "fields": {"cart_id": "35cce9e392dd4eb79e4f0e4b711a6520"}}, {"model": "cart.cart", "pk": 157, "fields": {"cart_id": "66c2255d3ca54864894caf71182c92f0"}}, {"model": "cart.cart", "pk": 158, "fields": {"cart_id": "181bc8e552eb4aaabe692ace3844f463"}}, {"model": "cart.cart", "pk": 159, "fields": {"cart_id": "0f79c8e2e91141cba1868d5b1d3bdb56"}}, {"model": "cart.cart", "pk": 160, "fields": {"cart_id": "feecc66930934e92aae259bccb577014"}}, {"model": "cart.cart", "pk": 161, "fields": {"cart_id": "ef637717b8b6498d96e5ff5bdab55ab1"}}, {"model": "cart.cart", "pk": 162, "fields": {"cart_id": "4fa600b1826d4c5b98b4b2debc92adb4"}}, {"model": "cart.cart", "pk": 163, "fields": {"cart_id": "8dea3b2d98464985893c2362aed7a69b"}}, {"model": "cart.cart", "pk": 164, "fields": {"cart_id": "9817706fafdf4486934938d85502b6e8"}}, {"model": "cart.cart", "pk": 165, "fields": {"cart_id": "9350334e87234835a5bd4c3e0fe5a87c"}}, {"model": "cart.cart", "pk": 166, "fields": {"cart_id": "3efc5b6aae0c477d93b1278708af6876"}}, {"model": "cart.cart", "pk": 167, "fields": {"cart_id": "7906836c17fd4de3b2cf4b66569b68f5"}}, {"model": "cart.cart", "pk": 168, "fields": {"cart_id": "78ab8935b0734af6ade8c00447594595"}}, {"model": "cart.cart", "pk": 169, "fields": {"cart_id": "fb457be764e04ba4b554350a12a386c2"}}, {"model": "cart.cart", "pk": 170, "fields": {"cart_id": "378783a8552c411abe70138d6db4c42b"}}, {"model": "cart.cart", "pk": 171, "fields": {"cart_id": "a637aef363a74f84a2d300f6802ec6a4"}}, {"model": "cart.cart", "pk": 172, "fields": {"cart_id": "ea6b915969e44a6385371a955733f678"}}, {"model": "cart.cart", "pk": 173, "fields": {"cart_id": "d21d62b16331458a8c22eb7b4e33f558"}}, {"model": "cart.cart", "pk": 174, "fields": {"cart_id": "208a8772fcca4543a69cfdcdff674258"}}, {"model": "cart.cart", "pk": 207, "fields": {"cart_id": "d7ddca6ece644fa7aa2553ecdaac44a7"}}, {"model": "cart.cart", "pk": 208, "fields": {"cart_id": "26f6e64b3b894927a141903750579f4e"}}, {"model": "cart.cart", "pk": 209, "fields": {"cart_id": "e4c31dedd9fe48ae90b24eb653db00d4"}}, {"model": "cart.cart", "pk": 210, "fields": {"cart_id": "5ff963c991724d379131d0e75cc0bee2"}}, {"model": "cart.cart", "pk": 211, "fields": {"cart_id": "e455b9c44ed14ca4982faa746664cad5"}}, {"model": "cart.cart", "pk": 212, "fields": {"cart_id": "c9bdd3deee7d4d7d8ade09148d820c8d"}}, {"model": "cart.cart", "pk": 240, "fields": {"cart_id": "9c1e91e703884559b04a7383841a8daa"}}, {"model": "cart.cart", "pk": 241, "fields": {"cart_id": "dfb909b4934646489276bc9a19537565"}}, {"model": "cart.cart", "pk": 242, "fields": {"cart_id": "59a27db0657b4e3489efd522f848ee24"}}, {"model": "cart.cart", "pk": 243, "fields": {"cart_id": "81a4ca61de0b4cdda35c0a1c886c54b7"}}, {"model": "cart.cart", "pk": 244, "fields": {"cart_id": "2d2e9f82ce634b459516a9fcccd1e8cc"}}, {"model": "cart.cart", "pk": 245, "fields": {"cart_id": "9c7eaba22c794ca2aa0f0c7ce6a0a144"}}, {"model": "cart.cart", "pk": 246, "fields": {"cart_id": "025ea515e83b413ebefe2c884b5be7d0"}}, {"model": "cart.cart", "pk": 247, "fields": {"cart_id": "eb1aaeacb4fc4dec9912f7c1c79c5940"}}, {"model": "cart.cart", "pk": 248, "fields": {"cart_id": "41b8ef3f66f345018db82c4b1bfed428"}}, {"model": "cart.cart", "pk": 249, "fields": {"cart_id": "456ab3beb05e4d1e945002bf7085dee4"}}, {"model": "cart.cart", "pk": 250, "fields": {"cart_id": "a43ac54f72da40138ee2811a43559652"}}, {"model": "cart.cart", "pk": 251, "fields": {"cart_id": "da4dbfa304bb44b5b8cadd1bba6537c5"}}, {"model": "cart.cart", "pk": 252, "fields": {"cart_id": "29293cf1a38848f1bd3be9c5b9291b33"}}, {"model": "cart.cart", "pk": 253, "fields": {"cart_id": "b6c7adccace8485f8396a45a5a8063a4"}}, {"model": "cart.cart", "pk": 254, "fields": {"cart_id": "df4e624e18c14540a5dc57a986e42c85"}}, {"model": "cart.cart", "pk": 255, "fields": {"cart_id": "39413e131cd0458e980adab4d2b033e9"}}, {"model": "cart.cart", "pk": 256, "fields": {"cart_id": "d1f5f0b5a5474f7597bbfdd7bc8ab458"}}, {"model": "cart.cart", "pk": 273, "fields": {"cart_id": "e87084ec260747a0be4db0cef5284a48"}}, {"model": "cart.cart", "pk": 274, "fields": {"cart_id": "78cc7fb08f6a4301a55bc525a1f67f80"}}, {"model": "cart.cart", "pk": 275, "fields": {"cart_id": "2b77f43cbb244296b501d3b6ae2a4cd2"}}, {"model": "cart.cart", "pk": 276, "fields": {"cart_id": "e7e0503f98644b92abf2b2409846f4b9"}}, {"model": "cart.cart", "pk": 277, "fields": {"cart_id": "cf160c703f144ade8495a90d2acba66d"}}, {"model": "cart.cart", "pk": 278, "fields": {"cart_id": "2c838546422548c49c51e2ed4c7f4b42"}}, {"model": "cart.cart", "pk": 279, "fields": {"cart_id": "b9369352e303470093efb23e8cae50a7"}}, {"model": "cart.cart", "pk": 280, "fields": {"cart_id": "3a53fdd653984083b57f6f48df707a29"}}, {"model": "cart.cart", "pk": 281, "fields": {"cart_id": "6c20b1e30ce14f0d921466aaf4fcc73a"}}, {"model": "cart.cart", "pk": 282, "fields": {"cart_id": "d97477955d7241eabfceabd21be69654"}}, {"model": "cart.cart", "pk": 283, "fields": {"cart_id": "5cb90856b47d43fcaee9885be59a1a7e"}}, {"model": "cart.cart", "pk": 284, "fields": {"cart_id": "8fde2dfbf5334d62a0d95101cbdb264f"}}, {"model": "cart.cart", "pk": 285, "fields": {"cart_id": "4192d0061eea44709ebb08e3a66124e4"}}, {"model": "cart.cart", "pk": 286, "fields": {"cart_id": "7f76779ac95c4ac89a004a5cf5e01834"}}, {"model": "cart.cart", "pk": 287, "fields": {"cart_id": "6ad4749fca8b40df92743316567b2e7e"}}, {"model": "cart.cart", "pk": 288, "fields": {"cart_id": "426631911d1f43dd9c96364ac8114f6e"}}, {"model": "cart.cart", "pk": 289, "fields": {"cart_id": "da6f4864781e4cc58bd7572573be1f68"}}, {"model": "cart.cart", "pk": 290, "fields": {"cart_id": "728aac598b7145978a65e7945031d4f0"}}, {"model": "cart.cart", "pk": 291, "fields": {"cart_id": "e60d1145447d422297552f51cc1f096b"}}, {"model": "cart.cart", "pk": 292, "fields": {"cart_id": "da44ab1e84e04ca5b62873e238f027e0"}}, {"model": "cart.cart", "pk": 293, "fields": {"cart_id": "4d9730e10fda4e5aab8bf10dd1861b86"}}, {"model": "cart.cart", "pk": 294, "fields": {"cart_id": "72b1eda5db484bf9b97fd0d376dc7d04"}}, {"model": "cart.cart", "pk": 295, "fields": {"cart_id": "896b1bec05714549a7dcc9a0c4c1489c"}}, {"model": "cart.cart", "pk": 296, "fields": {"cart_id": "2640faefa4f649b1ab0433045183a763"}}, {"model": "cart.cart", "pk": 297, "fields": {"cart_id": "bce964cfe22f45828b5b9acd7a80f0c7"}}, {"model": "cart.cart", "pk": 298, "fields": {"cart_id": "9508485f1e6a4ea3a8eeea68d69fc1dd"}}, {"model": "cart.cart", "pk": 299, "fields": {"cart_id": "2848a6e5a1714fe4ad42f19a840e0b13"}}, {"model": "cart.cart", "pk": 300, "fields": {"cart_id": "6de281aa2a4540c6b8d3af04b0aa1dc6"}}, {"model": "cart.cart", "pk": 301, "fields": {"cart_id": "6f04eed19b094afbac51e76a81b6ebc0"}}, {"model": "cart.cart", "pk": 302, "fields": {"cart_id": "a3955628c94c466a8775419dd8e15fe4"}}, {"model": "cart.cart", "pk": 303, "fields": {"cart_id": "8ac65732c76f4c5380973a0eb9295532"}}, {"model": "cart.cart", "pk": 304, "fields": {"cart_id": "e5ac740b8e8c4c6db2d0cd7057b7f180"}}, {"model": "cart.cart", "pk": 305, "fields": {"cart_id": "4b74f9f0242e42a5bd45b2a9a3dca78b"}}, {"model": "cart.cart", "pk": 306, "fields": {"cart_id": "cc1a11f46aa940abb3062a7b1c541e02"}}, {"model": "cart.cart", "pk": 307, "fields": {"cart_id": "485d95c7929944ec89e23484ef9f9d84"}}, {"model": "cart.cart", "pk": 308, "fields": {"cart_id": "40d5499db4954878b77ee6adf3ed25b9"}}, {"model": "cart.cart", "pk": 309, "fields": {"cart_id": "a0e58d26faf94479969c45169967d56c"}}, {"model": "cart.cart", "pk": 310, "fields": {"cart_id": "ae0ee7bcef4b45fb98b7a763a64a6d38"}}, {"model": "cart.cart", "pk": 311, "fields": {"cart_id": "70cb8cd844ba4aafbbd51867a61a9fd8"}}, {"model": "cart.cart", "pk": 312, "fields": {"cart_id": "9204456a56294bd7bfc765880c9c0de3"}}, {"model": "cart.cart", "pk": 313, "fields": {"cart_id": "c97bf497f2d2401ebb7e059771b19b7c"}}, {"model": "cart.cart", "pk": 314, "fields": {"cart_id": "831cc006ee814940b2f93c906a34f419"}}, {"model": "cart.cart", "pk": 315, "fields": {"cart_id": "c8ac6d104ec545e0aa9623e3f5e7e063"}}, {"model": "cart.cart", "pk": 316, "fields": {"cart_id": "0eccca8b529a4edcbed56a1fe916e648"}}, {"model": "cart.cart", "pk": 317, "fields": {"cart_id": "ce4ee8d2a71945ac89461d3d6f72c780"}}, {"model": "cart.cart", "pk": 318, "fields": {"cart_id": "55364031766b4905887d080f0d5d4327"}}, {"model": "cart.cart", "pk": 319, "fields": {"cart_id": "9b08f0f87a814122a95c6502ad213fd0"}}, {"model": "cart.cart", "pk": 320, "fields": {"cart_id": "364ce1973eb941ddacfbea684445a571"}}, {"model": "cart.cart", "pk": 321, "fields": {"cart_id": "cf371e1b16234538a7e0650a9eb42dc1"}}, {"model": "cart.cart", "pk": 322, "fields": {"cart_id": "59a52734e13447a0b144ad677fcdc046"}}, {"model": "cart.cart", "pk": 323, "fields": {"cart_id": "4696ddb6af2a40168b7330774bfd5362"}}, {"model": "cart.cart", "pk": 324, "fields": {"cart_id": "58a253be0eee42829faeda8034fe8c32"}}, {"model": "cart.cart", "pk": 325, "fields": {"cart_id": "b7d38e189f8c458993867200c1c980be"}}, {"model": "cart.cart", "pk": 326, "fields": {"cart_id": "2d83ddaa21cb4318b3e481aeb878d12b"}}, {"model": "cart.cart", "pk": 327, "fields": {"cart_id": "00d7dcec2dac4ab2bdd0e17d60050527"}}, {"model": "cart.cart", "pk": 328, "fields": {"cart_id": "29200184a93d4831971d6ef868460db2"}}, {"model": "cart.cart", "pk": 329, "fields": {"cart_id": "bcb39534889b43009078b2acb7ceda7d"}}, {"model": "cart.cart", "pk": 330, "fields": {"cart_id": "3f2d19b0de2e486ebc22415a540cd314"}}, {"model": "cart.cart", "pk": 331, "fields": {"cart_id": "b5af587ef62d4d7d8215b564bde5a339"}}, {"model": "cart.cart", "pk": 332, "fields": {"cart_id": "54e91eaaf1c54b1b974ffd60740fcbe2"}}, {"model": "cart.cart", "pk": 333, "fields": {"cart_id": "09051727af7d4bf09dae6c4219fe6840"}}, {"model": "cart.cart", "pk": 334, "fields": {"cart_id": "dc6f8bc727f641448046b47d8623443b"}}, {"model": "cart.cart", "pk": 335, "fields": {"cart_id": "2ef10f1afbe8438a9ec8989e5ccc6513"}}, {"model": "cart.cart", "pk": 336, "fields": {"cart_id": "c168111656764870b160d8ea02fb2131"}}, {"model": "cart.cart", "pk": 337, "fields": {"cart_id": "149ca030146e4404b5d0a95be4605ef9"}}, {"model": "cart.cart", "pk": 338, "fields": {"cart_id": "9f07237ab2144eb1aa209599ed5502e7"}}, {"model": "cart.cart", "pk": 339, "fields": {"cart_id": "664af5f8a9944c50b652f9e84f49fc17"}}, {"model": "cart.cart", "pk": 340, "fields": {"cart_id": "382bb2e50d2b4139a9f3ab71747f267f"}}, {"model": "cart.cart", "pk": 341, "fields": {"cart_id": "465ef1c06964475f9ce5026df2cacd1f"}}, {"model": "cart.cart", "pk": 342, "fields": {"cart_id": "5931d2931e644f6ca1850b238e73ea3b"}}, {"model": "cart.cart", "pk": 343, "fields": {"cart_id": "c9565e12ef75416fa2cf80e903f59bef"}}, {"model": "cart.cart", "pk": 344, "fields": {"cart_id": "abededab8810453d980660df8ad84486"}}, {"model": "cart.cart", "pk": 345, "fields": {"cart_id": "7457aa3896504eed9ec01a1dcfea1831"}}, {"model": "cart.cart", "pk": 346, "fields": {"cart_id": "09e181edf50c4ffa9c0c50b5abe0008f"}}, {"model": "cart.cart", "pk": 347, "fields": {"cart_id": "82b4644759c54ecb961d7d5d249df0f1"}}, {"model": "cart.cart", "pk": 348, "fields": {"cart_id": "04bc4f7ddf904c6d8a2b22f1bcf414af"}}, {"model": "cart.cart", "pk": 349, "fields": {"cart_id": "5130d86cfc9e4f50b2dab1b63f631fb6"}}, {"model": "cart.cart", "pk": 350, "fields": {"cart_id": "89a5fd9c12f44b569cc4066836fb9cd5"}}, {"model": "cart.cart", "pk": 351, "fields": {"cart_id": "9d78e3d98de4488986a7d68c258beb3b"}}, {"model": "cart.cart", "pk": 352, "fields": {"cart_id": "e1144b03857c4c67870192bba4bfc51a"}}, {"model": "cart.cart", "pk": 353, "fields": {"cart_id": "a043c2261c4745de976396e60b85594b"}}, {"model": "cart.cart", "pk": 354, "fields": {"cart_id": "1f34fe28b20941a7bc202d0945a6c3ac"}}, {"model": "cart.cart", "pk": 355, "fields": {"cart_id": "9d7c0e20b4d7492897e90c14abe6416c"}}, {"model": "cart.cart", "pk": 356, "fields": {"cart_id": "4fe44bf1cb6b4f3895ed5ae8a498a2a2"}}, {"model": "cart.cart", "pk": 357, "fields": {"cart_id": "f3358b1fae764dec8f288d6020fa60a8"}}, {"model": "cart.cart", "pk": 358, "fields": {"cart_id": "bd2807409b184cb0bcb5924e0e9cf010"}}, {"model": "cart.cart", "pk": 359, "fields": {"cart_id": "c4d4440d41cc4a5f805235f41b0864c7"}}, {"model": "cart.cart", "pk": 360, "fields": {"cart_id": "0e1b042dc74646589affc7b63f2f0324"}}, {"model": "cart.cart", "pk": 361, "fields": {"cart_id": "c89a1ef2b8d84dddbd89fdff41ef429e"}}, {"model": "cart.cart", "pk": 362, "fields": {"cart_id": "936d1b72a7a647929d5c8af471315cf2"}}, {"model": "cart.cart", "pk": 363, "fields": {"cart_id": "b1ea0f95926f4c1987e06fd8b89c1df2"}}, {"model": "cart.cart", "pk": 364, "fields": {"cart_id": "9f8c7ddfacf743c58f44ca559c8d130f"}}, {"model": "cart.cart", "pk": 365, "fields": {"cart_id": "b3dc0af20bd54ffd879af33a81703182"}}, {"model": "cart.cart", "pk": 366, "fields": {"cart_id": "0fc17a8a029b4a10badfd24ac114d26a"}}, {"model": "cart.cart", "pk": 367, "fields": {"cart_id": "2bc50be1970a4a51946790e0d31dfde1"}}, {"model": "cart.cart", "pk": 368, "fields": {"cart_id": "997a9ac6fe0a496f91bf32fc9f6351d0"}}, {"model": "cart.cart", "pk": 369, "fields": {"cart_id": "6fa48a8203bc4b9ebc684fbae63401a2"}}, {"model": "cart.cart", "pk": 370, "fields": {"cart_id": "25e2563b317b4497b38604d3605cce30"}}, {"model": "cart.cart", "pk": 371, "fields": {"cart_id": "45c9984f4c584ac4b8bbc7e19649f1ff"}}, {"model": "cart.cart", "pk": 372, "fields": {"cart_id": "f2869ed2b1da433aaeb8a7f59fc6a8e0"}}, {"model": "cart.cart", "pk": 373, "fields": {"cart_id": "ebcc0573d73448acac3ee1ae466499a1"}}, {"model": "cart.cart", "pk": 374, "fields": {"cart_id": "329721d1e5a34a50a2cae21e5e11304b"}}, {"model": "cart.cart", "pk": 375, "fields": {"cart_id": "fb451597399344efa973ec5839bd6b72"}}, {"model": "cart.cart", "pk": 376, "fields": {"cart_id": "e1ab4083c7884e09b291e011dedc5753"}}, {"model": "cart.cart", "pk": 377, "fields": {"cart_id": "d9e3ee7517cc4f04bf986df0448ccb8b"}}, {"model": "cart.cart", "pk": 378, "fields": {"cart_id": "a61890a3688f406fbb6fc0b2333c5bac"}}, {"model": "cart.cart", "pk": 379, "fields": {"cart_id": "8c672da570834aa4a2c4920215541a7e"}}, {"model": "cart.cart", "pk": 380, "fields": {"cart_id": "7f3ac76570ce465cb69343722d817d54"}}, {"model": "cart.cart", "pk": 381, "fields": {"cart_id": "f6f69838c76948b48015416a19ace057"}}, {"model": "cart.cart", "pk": 382, "fields": {"cart_id": "5d32be83da384dbb8873a16d5d168b6c"}}, {"model": "cart.cart", "pk": 383, "fields": {"cart_id": "2a153cfe9ac24929835b430f04a66bd9"}}, {"model": "cart.cart", "pk": 384, "fields": {"cart_id": "09c13bacecd140678327cda509d18c67"}}, {"model": "cart.cart", "pk": 385, "fields": {"cart_id": "373f7a8a10684495911ed0b49077d9d4"}}, {"model": "cart.cart", "pk": 386, "fields": {"cart_id": "0063382ea6234ec0a6608302d97cc5f4"}}, {"model": "cart.cart", "pk": 387, "fields": {"cart_id": "235b18f6e24641aab2b1b10a5e559835"}}, {"model": "cart.cart", "pk": 388, "fields": {"cart_id": "552701a515ac4bfeacda68c6b14876ab"}}, {"model": "cart.cart", "pk": 389, "fields": {"cart_id": "9958edc093964bee8894dec19bde9809"}}, {"model": "cart.cart", "pk": 390, "fields": {"cart_id": "dd42c2e2b6fc4c9c9f6b01abf3f5c023"}}, {"model": "cart.cart", "pk": 391, "fields": {"cart_id": "f26e1f33f44f413ba4e8f9c94e6825ad"}}, {"model": "cart.cart", "pk": 392, "fields": {"cart_id": "d438fa02b364409991f27124062a80da"}}, {"model": "cart.cart", "pk": 393, "fields": {"cart_id": "00ebc31983304bd3a9cedc767986e972"}}, {"model": "cart.cart", "pk": 394, "fields": {"cart_id": "0ba7ac83871d40588535995075d49a10"}}, {"model": "cart.cart", "pk": 395, "fields": {"cart_id": "125f158cdd034e1d983cc8915fc6977a"}}, {"model": "cart.cart", "pk": 396, "fields": {"cart_id": "84ae81ba94244d1080d623b5f54fb248"}}, {"model": "cart.cart", "pk": 397, "fields": {"cart_id": "bf5e809de5de4888bc0c17aee9cf34e8"}}, {"model": "cart.cart", "pk": 398, "fields": {"cart_id": "6944211a89704c9395c69e48867915b6"}}, {"model": "cart.cart", "pk": 399, "fields": {"cart_id": "e94a19b320f14c1cbd406ebf1e543738"}}, {"model": "cart.cart", "pk": 400, "fields": {"cart_id": "1413ff2b2a774a8d96f3b6967265b3f6"}}, {"model": "cart.cart", "pk": 401, "fields": {"cart_id": "6d7beee4a1d5401a8e515f897cfd6e64"}}, {"model": "cart.cart", "pk": 402, "fields": {"cart_id": "68b757da4ce84dd5bc11c1341e025fd4"}}, {"model": "cart.cart", "pk": 403, "fields": {"cart_id": "906378a7933944579fbfeac1481f42e2"}}, {"model": "cart.cart", "pk": 404, "fields": {"cart_id": "db2b7248ff454766ba98a748bc3b69c7"}}, {"model": "cart.cart", "pk": 405, "fields": {"cart_id": "cc47c3e6bbfd4ac887b5ea5be45b4226"}}, {"model": "cart.cart", "pk": 406, "fields": {"cart_id": "0121dfc0652e41a3ad1e917c328bb8b8"}}, {"model": "cart.cart", "pk": 407, "fields": {"cart_id": "f4821b56bd20469788df5e0d5dac6368"}}, {"model": "cart.cart", "pk": 408, "fields": {"cart_id": "db9bd6ca5c1d44f1913cffe8d4424e46"}}, {"model": "cart.cart", "pk": 409, "fields": {"cart_id": "9a9a167cf6f1484891cd353ae180781c"}}, {"model": "cart.cart", "pk": 410, "fields": {"cart_id": "8b2dc5d3955e4ecbbf2b8d2e904fd57f"}}, {"model": "cart.cart", "pk": 411, "fields": {"cart_id": "8c0a402f85e640ec8a19b58a936361c7"}}, {"model": "cart.cart", "pk": 412, "fields": {"cart_id": "6158381513e741269a833fce8af669e9"}}, {"model": "cart.cart", "pk": 413, "fields": {"cart_id": "40f258244ea643f59f62b49d5334c95a"}}, {"model": "cart.cart", "pk": 414, "fields": {"cart_id": "739c7b9b05bb4a78a94400106291f4b2"}}, {"model": "cart.cart", "pk": 415, "fields": {"cart_id": "1c96c466b81c4cd38b085bc5f2748722"}}, {"model": "cart.cart", "pk": 416, "fields": {"cart_id": "dbc6672a620443e0b86944569ec2a7b4"}}, {"model": "cart.cart", "pk": 417, "fields": {"cart_id": "d37a6bba615c4781ac601112823aecb5"}}, {"model": "cart.cart", "pk": 418, "fields": {"cart_id": "8fb66ae4d1bd4f17ad48c8603d7b0a6a"}}, {"model": "cart.cart", "pk": 419, "fields": {"cart_id": "ea07f2e34f1d411f924c3175faf4c531"}}, {"model": "cart.cart", "pk": 420, "fields": {"cart_id": "9982891e1eed47609aae75d9bec0e1e3"}}, {"model": "cart.cart", "pk": 421, "fields": {"cart_id": "39a9da730e6f4237b00fd9669e7fe801"}}, {"model": "cart.cart", "pk": 422, "fields": {"cart_id": "598fc5fefb514d45b97d9908ce733b38"}}, {"model": "cart.cart", "pk": 423, "fields": {"cart_id": "1f644416e6da4073b3ebfa2f27df9dd2"}}, {"model": "cart.cart", "pk": 424, "fields": {"cart_id": "283756d5c74e42118c2b4a7fb698c0e8"}}, {"model": "cart.cart", "pk": 425, "fields": {"cart_id": "51261e8c8707427b867b8a9a4480290c"}}, {"model": "cart.cart", "pk": 426, "fields": {"cart_id": "58c6fd6a07fd40a6bce087e3608ee4e2"}}, {"model": "cart.cart", "pk": 427, "fields": {"cart_id": "011eb07134414e56a0a4424e0843c359"}}, {"model": "cart.cart", "pk": 428, "fields": {"cart_id": "f8e2959733be44f093dc40fff20300aa"}}, {"model": "cart.cart", "pk": 429, "fields": {"cart_id": "5643adc3d1e64997bc884ce119bb5ec4"}}, {"model": "cart.cart", "pk": 430, "fields": {"cart_id": "6d4989e06f654d15b96789e5638b38f3"}}, {"model": "cart.cart", "pk": 431, "fields": {"cart_id": "5956620dd636457cab5231d6a826d85f"}}, {"model": "cart.cart", "pk": 432, "fields": {"cart_id": "9fb076f4d9df44dc89c4170e0ce2fcf9"}}, {"model": "cart.cart", "pk": 433, "fields": {"cart_id": "22e6d9ac428342aab3bc6bd39da34780"}}, {"model": "cart.cart", "pk": 434, "fields": {"cart_id": "fbdbaf94efce4a31b33b4b5092d5f4c5"}}, {"model": "cart.cart", "pk": 435, "fields": {"cart_id": "b6371b0d18a1492fba57ce19d3ec035d"}}, {"model": "cart.cart", "pk": 436, "fields": {"cart_id": "827d7ef51857433bab7ec77567e621c1"}}, {"model": "cart.cart", "pk": 437, "fields": {"cart_id": "b13cfcb340ad4d4f94262f6084cfbf70"}}, {"model": "cart.cart", "pk": 438, "fields": {"cart_id": "87d4a9d1760c44ffa5983f949c606b51"}}, {"model": "cart.cart", "pk": 439, "fields": {"cart_id": "0f1e9f1029aa485fa4e3f7f7c827830d"}}, {"model": "cart.cart", "pk": 440, "fields": {"cart_id": "c79a7d5d4d09440f8e2b8a8329471466"}}, {"model": "cart.cart", "pk": 441, "fields": {"cart_id": "8c73a914e96d4f4180e2f053d188a37c"}}, {"model": "cart.cart", "pk": 442, "fields": {"cart_id": "e903e4d794774ab1be5d1e92510801c3"}}, {"model": "cart.cart", "pk": 443, "fields": {"cart_id": "74d563ddf8ac4e39b6386a420b050b90"}}, {"model": "cart.cart", "pk": 444, "fields": {"cart_id": "15e6b2455a51434fa5bf54f0fbc4da19"}}, {"model": "cart.cart", "pk": 445, "fields": {"cart_id": "2e8b2342e7794ac0b7a8f4f80e31850a"}}, {"model": "cart.cart", "pk": 446, "fields": {"cart_id": "04bae2b262b44d1ab395e1810815541e"}}, {"model": "cart.cart", "pk": 447, "fields": {"cart_id": "44e0816a95d64ce5a98a7821e4bbe738"}}, {"model": "cart.cart", "pk": 448, "fields": {"cart_id": "0052b486cb834b1491b802dfc6667692"}}, {"model": "cart.cart", "pk": 449, "fields": {"cart_id": "09c87f199b20470e9c5cba637d3ce629"}}, {"model": "cart.cart", "pk": 450, "fields": {"cart_id": "631551c050134beca62ef25bd0a43226"}}, {"model": "cart.cart", "pk": 451, "fields": {"cart_id": "8fd2852f7d9149ce99406c721459cfd9"}}, {"model": "cart.cart", "pk": 452, "fields": {"cart_id": "618fd5926f784f42b68be91cc665c31b"}}, {"model": "cart.cart", "pk": 453, "fields": {"cart_id": "6966eec8fb014044a05b6757d61c9685"}}, {"model": "cart.cart", "pk": 454, "fields": {"cart_id": "f82ff248557c47fab69c574119ee7094"}}, {"model": "cart.cart", "pk": 455, "fields": {"cart_id": "0cc52598c43742598bc1d1daeb8141c5"}}, {"model": "cart.cart", "pk": 456, "fields": {"cart_id": "522b88039b1d4b6cae12a1e4ab360671"}}, {"model": "cart.cart", "pk": 457, "fields": {"cart_id": "766609aed059408fa8526c81cd5f18a1"}}, {"model": "cart.cart", "pk": 458, "fields": {"cart_id": "62cdab660982475587731e7ad81bd079"}}, {"model": "cart.cart", "pk": 459, "fields": {"cart_id": "7e0bdd70931f43c6acfec67f8eb99f72"}}, {"model": "cart.cart", "pk": 460, "fields": {"cart_id": "07980ce3338c4888b02710ae5b83f268"}}, {"model": "cart.cartitem", "pk": 50, "fields": {"user": null, "product": 20, "cart": 10, "quantity": 1, "is_active": true, "variations": [39]}}, {"model": "cart.cartitem", "pk": 53, "fields": {"user": null, "product": 24, "cart": 12, "quantity": 1, "is_active": true, "variations": [157]}}, {"model": "cart.cartitem", "pk": 57, "fields": {"user": null, "product": 21, "cart": 23, "quantity": 1, "is_active": true, "variations": [154]}}, {"model": "cart.cartitem", "pk": 59, "fields": {"user": null, "product": 23, "cart": 36, "quantity": 1, "is_active": true, "variations": [156]}}, {"model": "cart.cartitem", "pk": 61, "fields": {"user": null, "product": 23, "cart": 31, "quantity": 1, "is_active": true, "variations": [156]}}, {"model": "cart.cartitem", "pk": 62, "fields": {"user": null, "product": 24, "cart": 47, "quantity": 1, "is_active": true, "variations": [157]}}, {"model": "cart.cartitem", "pk": 63, "fields": {"user": null, "product": 20, "cart": 52, "quantity": 1, "is_active": true, "variations": [39]}}, {"model": "cart.cartitem", "pk": 64, "fields": {"user": null, "product": 16, "cart": 52, "quantity": 1, "is_active": true, "variations": [36]}}, {"model": "cart.cartitem", "pk": 65, "fields": {"user": 1, "product": 24, "cart": null, "quantity": 1, "is_active": true, "variations": [157]}}, {"model": "cart.cartitem", "pk": 66, "fields": {"user": null, "product": 23, "cart": 58, "quantity": 1, "is_active": true, "variations": [156]}}, {"model": "cart.cartitem", "pk": 101, "fields": {"user": null, "product": 19, "cart": 240, "quantity": 1, "is_active": true, "variations": [38]}}, {"model": "cart.cartitem", "pk": 139, "fields": {"user": null, "product": 16, "cart": 299, "quantity": 1, "is_active": true, "variations": [35]}}, {"model": "cart.cartitem", "pk": 140, "fields": {"user": 1, "product": 29, "cart": null, "quantity": 1, "is_active": true, "variations": []}}, {"model": "cart.cartitem", "pk": 141, "fields": {"user": 1, "product": 28, "cart": null, "quantity": 1, "is_active": true, "variations": []}}, {"model": "cart.cartitem", "pk": 142, "fields": {"user": 1, "product": 26, "cart": null, "quantity": 1, "is_active": true, "variations": []}}, {"model": "cart.cartitem", "pk": 143, "fields": {"user": 1, "product": 25, "cart": null, "quantity": 1, "is_active": true, "variations": []}}, {"model": "cart.cartitem", "pk": 144, "fields": {"user": null, "product": 24, "cart": 316, "quantity": 1, "is_active": true, "variations": [157, 282]}}, {"model": "cart.cartitem", "pk": 145, "fields": {"user": 2, "product": 25, "cart": null, "quantity": 1, "is_active": true, "variations": [291, 300]}}, {"model": "order.payment", "pk": 1, "fields": {"user": 2, "payment_id": "1491876781", "payment_method": "app", "amount_paid": "6002.85", "status": "SUCCESS", "created_at": "2023-06-08T13:53:59.984Z"}}, {"model": "order.payment", "pk": 2, "fields": {"user": 3, "payment_id": "1491876958", "payment_method": "app", "amount_paid": "6002.85", "status": "SUCCESS", "created_at": "2023-06-08T14:51:49.141Z"}}, {"model": "order.payment", "pk": 3, "fields": {"user": 3, "payment_id": "1491877042", "payment_method": "app", "amount_paid": "2397.15", "status": "SUCCESS", "created_at": "2023-06-08T15:17:08.545Z"}}, {"model": "order.payment", "pk": 4, "fields": {"user": 1, "payment_id": "1491877158", "payment_method": "app", "amount_paid": "30.45", "status": "SUCCESS", "created_at": "2023-06-08T15:51:05.546Z"}}, {"model": "order.payment", "pk": 5, "fields": {"user": 4, "payment_id": "1491878338", "payment_method": "app", "amount_paid": "576.45", "status": "SUCCESS", "created_at": "2023-06-08T22:56:38.650Z"}}, {"model": "order.payment", "pk": 6, "fields": {"user": 2, "payment_id": "1491881222", "payment_method": "app", "amount_paid": "103.95", "status": "SUCCESS", "created_at": "2023-06-09T18:02:49.632Z"}}, {"model": "order.payment", "pk": 7, "fields": {"user": 2, "payment_id": "1491881224", "payment_method": "app", "amount_paid": "30.45", "status": "SUCCESS", "created_at": "2023-06-09T18:04:36.952Z"}}, {"model": "order.payment", "pk": 8, "fields": {"user": 2, "payment_id": "1491881229", "payment_method": "app", "amount_paid": "30.45", "status": "SUCCESS", "created_at": "2023-06-09T18:31:29.944Z"}}, {"model": "order.payment", "pk": 9, "fields": {"user": 2, "payment_id": "1491881470", "payment_method": "app", "amount_paid": "51.45", "status": "SUCCESS", "created_at": "2023-06-09T18:49:57.519Z"}}, {"model": "order.payment", "pk": 10, "fields": {"user": 2, "payment_id": "1491881472", "payment_method": "app", "amount_paid": "103.95", "status": "SUCCESS", "created_at": "2023-06-09T18:52:48.695Z"}}, {"model": "order.payment", "pk": 11, "fields": {"user": 2, "payment_id": "1491882960", "payment_method": "app", "amount_paid": "415.8", "status": "SUCCESS", "created_at": "2023-06-10T13:09:56.302Z"}}, {"model": "order.order", "pk": 2, "fields": {"user": 2, "payment": 1, "order_id": "ORD-DCC88BCC95BD4179BC2FE603561C6A26", "phone": "9411245528", "address_1": "B-42B, Balajipuram, Albatiya Road", "address_2": "Shahganj, Agra", "state": "Uttar Pradesh", "city": "Agra", "zip": 282010, "note": "deliver soon", "total": 5717.0, "gift_charges": 50.0, "tax": 285.85, "grand_total": 6002.85, "status": "New", "ip": "127.0.0.1", "is_ordered": true, "created_at": "2023-06-08T13:53:45.550Z", "updated_at": "2023-06-08T13:53:59.993Z", "awb": null}}, {"model": "order.order", "pk": 4, "fields": {"user": 3, "payment": 2, "order_id": "ORD-212222BA334E40A8B55BF43BD365F590", "phone": "8805705276", "address_1": "jhansi", "address_2": "flat no. 5", "state": "Uttar Pradesh", "city": "jhansi", "zip": 242242, "note": "", "total": 5717.0, "gift_charges": 50.0, "tax": 285.85, "grand_total": 6002.85, "status": "New", "ip": "127.0.0.1", "is_ordered": true, "created_at": "2023-06-08T14:51:29.495Z", "updated_at": "2023-06-08T14:51:49.151Z", "awb": null}}, {"model": "order.order", "pk": 5, "fields": {"user": 3, "payment": 3, "order_id": "ORD-540F13CA43B242D78A2D453AFE25FF35", "phone": "8805705276", "address_1": "jhansi", "address_2": "flat no. 5", "state": "Uttar Pradesh", "city": "jhansi", "zip": 242242, "note": "", "total": 2283.0, "gift_charges": 20.0, "tax": 114.15, "grand_total": 2397.15, "status": "New", "ip": "127.0.0.1", "is_ordered": true, "created_at": "2023-06-08T15:16:59.044Z", "updated_at": "2023-06-08T15:17:08.553Z", "awb": null}}, {"model": "order.order", "pk": 6, "fields": {"user": 1, "payment": 4, "order_id": "ORD-FA7BF275B5CD40AEA237BEEB5DF14118", "phone": "9411245528", "address_1": "MHR, IIT BHUBANESWAR", "address_2": "B-744", "state": "Odisha", "city": "Jatni", "zip": 752050, "note": "", "total": 29.0, "gift_charges": 0.0, "tax": 1.45, "grand_total": 30.45, "status": "New", "ip": "127.0.0.1", "is_ordered": true, "created_at": "2023-06-08T15:50:52.825Z", "updated_at": "2023-06-08T15:51:05.555Z", "awb": null}}, {"model": "order.order", "pk": 7, "fields": {"user": 4, "payment": 5, "order_id": "ORD-AA78FC4B5826497CBD42E8F12F2DBA96", "phone": "7455021301", "address_1": "Balajipuram, Albatiya Road, Shahganj", "address_2": "B-42B", "state": "Uttar Pradesh", "city": "Agra", "zip": 282010, "note": "", "total": 549.0, "gift_charges": 10.0, "tax": 27.45, "grand_total": 576.45, "status": "New", "ip": "127.0.0.1", "is_ordered": true, "created_at": "2023-06-08T22:56:25.483Z", "updated_at": "2023-06-08T22:56:38.658Z", "awb": null}}, {"model": "order.order", "pk": 8, "fields": {"user": 2, "payment": null, "order_id": "ORD-74D7508646544B919579AF9A6AEB3CC5", "phone": "8805705276", "address_1": "Shilpi Valley, Madhapur, HITEC City", "address_2": "Flat No. 4a, Plot No. 80B,", "state": "Telangana", "city": "Hyderabad", "zip": 500081, "note": "", "total": 99.0, "gift_charges": 10.0, "tax": 4.95, "grand_total": 103.95, "status": "New", "ip": "223.233.77.83", "is_ordered": false, "created_at": "2023-06-09T18:02:07.852Z", "updated_at": "2023-06-09T18:02:07.852Z", "awb": null}}, {"model": "order.order", "pk": 9, "fields": {"user": 2, "payment": null, "order_id": "ORD-064B21C1E4C94963B68F38FF3CC432C8", "phone": "8805705276", "address_1": "Shilpi Valley, Madhapur, HITEC City", "address_2": "Flat No. 4a, Plot No. 80B,", "state": "Telangana", "city": "Hyderabad", "zip": 500081, "note": "", "total": 99.0, "gift_charges": 10.0, "tax": 4.95, "grand_total": 103.95, "status": "New", "ip": "223.233.77.83", "is_ordered": false, "created_at": "2023-06-09T18:02:08.256Z", "updated_at": "2023-06-09T18:02:08.256Z", "awb": null}}, {"model": "order.order", "pk": 41, "fields": {"user": 2, "payment": 6, "order_id": "ORD-303AE8FA8EE94D038DC3A3DBEACDB6D9", "phone": "8805705276", "address_1": "Shilpi Valley, Madhapur, HITEC City", "address_2": "Flat No. 4a, Plot No. 80B,", "state": "Telangana", "city": "Hyderabad", "zip": 500081, "note": "", "total": 99.0, "gift_charges": 10.0, "tax": 4.95, "grand_total": 103.95, "status": "New", "ip": "223.233.77.83", "is_ordered": true, "created_at": "2023-06-09T18:02:21.036Z", "updated_at": "2023-06-09T18:02:49.863Z", "awb": null}}, {"model": "order.order", "pk": 42, "fields": {"user": 2, "payment": 7, "order_id": "ORD-11B902EFD6CF4842A13F7353DB3C2255", "phone": "9411245528", "address_1": "B-42B, Balajipuram, Albatiya Road", "address_2": "Shahganj, Agra", "state": "Uttar Pradesh", "city": "Agra", "zip": 282010, "note": "", "total": 29.0, "gift_charges": 0.0, "tax": 1.45, "grand_total": 30.45, "status": "New", "ip": "223.233.77.83", "is_ordered": true, "created_at": "2023-06-09T18:04:15.717Z", "updated_at": "2023-06-09T18:04:37.166Z", "awb": null}}, {"model": "order.order", "pk": 43, "fields": {"user": 2, "payment": null, "order_id": "ORD-E76452648E324634BA9039B71E9C9349", "phone": "9411245528", "address_1": "B-42B, Balajipuram, Albatiya Road", "address_2": "Shahganj, Agra", "state": "Uttar Pradesh", "city": "Agra", "zip": 282010, "note": "", "total": 29.0, "gift_charges": 0.0, "tax": 1.45, "grand_total": 30.45, "status": "New", "ip": "127.0.0.1", "is_ordered": false, "created_at": "2023-06-09T18:27:58.767Z", "updated_at": "2023-06-09T18:27:58.767Z", "awb": null}}, {"model": "order.order", "pk": 44, "fields": {"user": 2, "payment": 8, "order_id": "ORD-64578272991942659BE4B8D7146797CC", "phone": "9411245528", "address_1": "B-42B, Balajipuram, Albatiya Road", "address_2": "Shahganj, Agra", "state": "Uttar Pradesh", "city": "Agra", "zip": 282010, "note": "", "total": 29.0, "gift_charges": 0.0, "tax": 1.45, "grand_total": 30.45, "status": "New", "ip": "127.0.0.1", "is_ordered": true, "created_at": "2023-06-09T18:30:04.272Z", "updated_at": "2023-06-09T18:31:29.994Z", "awb": null}}, {"model": "order.order", "pk": 45, "fields": {"user": 2, "payment": 9, "order_id": "ORD-A851C4ED24594FF9BE7098AED6CE5433", "phone": "9411245528", "address_1": "B-42B, Balajipuram, Albatiya Road", "address_2": "Shahganj, Agra", "state": "Uttar Pradesh", "city": "Agra", "zip": 282010, "note": "", "total": 49.0, "gift_charges": 0.0, "tax": 2.45, "grand_total": 51.45, "status": "New", "ip": "223.233.77.83", "is_ordered": true, "created_at": "2023-06-09T18:49:37.619Z", "updated_at": "2023-06-09T18:49:57.741Z", "awb": null}}, {"model": "order.order", "pk": 46, "fields": {"user": 2, "payment": 10, "order_id": "ORD-40BA52D6357B49F0B2372634A066B394", "phone": "8805705276", "address_1": "Flat No. 4a, Plot No. 80B, Shilpi Valley, Madhapur, HITEC City", "address_2": "fafaf", "state": "Telangana", "city": "Hyderabad", "zip": 500081, "note": "", "total": 99.0, "gift_charges": 0.0, "tax": 4.95, "grand_total": 103.95, "status": "New", "ip": "127.0.0.1", "is_ordered": true, "created_at": "2023-06-09T18:52:38.940Z", "updated_at": "2023-06-09T18:52:48.748Z", "awb": null}}, {"model": "order.order", "pk": 47, "fields": {"user": 2, "payment": 11, "order_id": "ORD-0A76B8F65E5B4B4CBD4958809644D2D2", "phone": "9411245528", "address_1": "MHR, IIT BHUBANESWAR", "address_2": "B-744", "state": "Odisha", "city": "Jatni", "zip": 752050, "note": "", "total": 396.0, "gift_charges": 0.0, "tax": 19.8, "grand_total": 415.8, "status": "New", "ip": "127.0.0.1", "is_ordered": true, "created_at": "2023-06-10T13:09:40.217Z", "updated_at": "2023-06-10T13:09:56.414Z", "awb": null}}, {"model": "order.orderproduct", "pk": 5, "fields": {"order": 2, "payment": 1, "user": 2, "product": 5, "quantity": 1, "ordered": true, "created_at": "2023-06-08T13:54:00.135Z", "updated_at": "2023-06-08T13:54:00.151Z", "variations": [16]}}, {"model": "order.orderproduct", "pk": 6, "fields": {"order": 2, "payment": 1, "user": 2, "product": 3, "quantity": 1, "ordered": true, "created_at": "2023-06-08T13:54:00.166Z", "updated_at": "2023-06-08T13:54:00.182Z", "variations": [13]}}, {"model": "order.orderproduct", "pk": 8, "fields": {"order": 2, "payment": 1, "user": 2, "product": 1, "quantity": 1, "ordered": true, "created_at": "2023-06-08T13:54:00.229Z", "updated_at": "2023-06-08T13:54:00.245Z", "variations": [5]}}, {"model": "order.orderproduct", "pk": 10, "fields": {"order": 2, "payment": 1, "user": 2, "product": 24, "quantity": 1, "ordered": true, "created_at": "2023-06-08T13:54:00.293Z", "updated_at": "2023-06-08T13:54:00.309Z", "variations": [157]}}, {"model": "order.orderproduct", "pk": 13, "fields": {"order": 2, "payment": 1, "user": 2, "product": 10, "quantity": 1, "ordered": true, "created_at": "2023-06-08T13:54:00.388Z", "updated_at": "2023-06-08T13:54:00.405Z", "variations": [27]}}, {"model": "order.orderproduct", "pk": 14, "fields": {"order": 2, "payment": 1, "user": 2, "product": 23, "quantity": 1, "ordered": true, "created_at": "2023-06-08T13:54:00.421Z", "updated_at": "2023-06-08T13:54:00.437Z", "variations": [156]}}, {"model": "order.orderproduct", "pk": 16, "fields": {"order": 2, "payment": 1, "user": 2, "product": 21, "quantity": 1, "ordered": true, "created_at": "2023-06-08T13:54:00.484Z", "updated_at": "2023-06-08T13:54:00.499Z", "variations": [154]}}, {"model": "order.orderproduct", "pk": 17, "fields": {"order": 2, "payment": 1, "user": 2, "product": 20, "quantity": 1, "ordered": true, "created_at": "2023-06-08T13:54:00.515Z", "updated_at": "2023-06-08T13:54:00.531Z", "variations": [39]}}, {"model": "order.orderproduct", "pk": 18, "fields": {"order": 2, "payment": 1, "user": 2, "product": 19, "quantity": 1, "ordered": true, "created_at": "2023-06-08T13:54:00.547Z", "updated_at": "2023-06-08T13:54:00.563Z", "variations": [207]}}, {"model": "order.orderproduct", "pk": 19, "fields": {"order": 2, "payment": 1, "user": 2, "product": 18, "quantity": 1, "ordered": true, "created_at": "2023-06-08T13:54:00.582Z", "updated_at": "2023-06-08T13:54:00.602Z", "variations": [37]}}, {"model": "order.orderproduct", "pk": 20, "fields": {"order": 2, "payment": 1, "user": 2, "product": 17, "quantity": 1, "ordered": true, "created_at": "2023-06-08T13:54:00.618Z", "updated_at": "2023-06-08T13:54:00.636Z", "variations": [8]}}, {"model": "order.orderproduct", "pk": 21, "fields": {"order": 2, "payment": 1, "user": 2, "product": 16, "quantity": 1, "ordered": true, "created_at": "2023-06-08T13:54:00.652Z", "updated_at": "2023-06-08T13:54:00.668Z", "variations": [35]}}, {"model": "order.orderproduct", "pk": 22, "fields": {"order": 2, "payment": 1, "user": 2, "product": 13, "quantity": 1, "ordered": true, "created_at": "2023-06-08T13:54:00.683Z", "updated_at": "2023-06-08T13:54:00.700Z", "variations": [255]}}, {"model": "order.orderproduct", "pk": 23, "fields": {"order": 2, "payment": 1, "user": 2, "product": 4, "quantity": 1, "ordered": true, "created_at": "2023-06-08T13:54:00.715Z", "updated_at": "2023-06-08T13:54:00.731Z", "variations": [2]}}, {"model": "order.orderproduct", "pk": 28, "fields": {"order": 4, "payment": 2, "user": 3, "product": 5, "quantity": 1, "ordered": true, "created_at": "2023-06-08T14:51:49.289Z", "updated_at": "2023-06-08T14:51:49.303Z", "variations": [16]}}, {"model": "order.orderproduct", "pk": 29, "fields": {"order": 4, "payment": 2, "user": 3, "product": 3, "quantity": 1, "ordered": true, "created_at": "2023-06-08T14:51:49.320Z", "updated_at": "2023-06-08T14:51:49.335Z", "variations": [13]}}, {"model": "order.orderproduct", "pk": 31, "fields": {"order": 4, "payment": 2, "user": 3, "product": 1, "quantity": 1, "ordered": true, "created_at": "2023-06-08T14:51:49.382Z", "updated_at": "2023-06-08T14:51:49.398Z", "variations": [5]}}, {"model": "order.orderproduct", "pk": 33, "fields": {"order": 4, "payment": 2, "user": 3, "product": 24, "quantity": 1, "ordered": true, "created_at": "2023-06-08T14:51:49.446Z", "updated_at": "2023-06-08T14:51:49.461Z", "variations": [157]}}, {"model": "order.orderproduct", "pk": 36, "fields": {"order": 4, "payment": 2, "user": 3, "product": 10, "quantity": 1, "ordered": true, "created_at": "2023-06-08T14:51:49.538Z", "updated_at": "2023-06-08T14:51:49.554Z", "variations": [27]}}, {"model": "order.orderproduct", "pk": 37, "fields": {"order": 4, "payment": 2, "user": 3, "product": 23, "quantity": 1, "ordered": true, "created_at": "2023-06-08T14:51:49.569Z", "updated_at": "2023-06-08T14:51:49.587Z", "variations": [156]}}, {"model": "order.orderproduct", "pk": 39, "fields": {"order": 4, "payment": 2, "user": 3, "product": 21, "quantity": 1, "ordered": true, "created_at": "2023-06-08T14:51:49.633Z", "updated_at": "2023-06-08T14:51:49.650Z", "variations": [154]}}, {"model": "order.orderproduct", "pk": 40, "fields": {"order": 4, "payment": 2, "user": 3, "product": 20, "quantity": 1, "ordered": true, "created_at": "2023-06-08T14:51:49.665Z", "updated_at": "2023-06-08T14:51:49.681Z", "variations": [39]}}, {"model": "order.orderproduct", "pk": 41, "fields": {"order": 4, "payment": 2, "user": 3, "product": 19, "quantity": 1, "ordered": true, "created_at": "2023-06-08T14:51:49.697Z", "updated_at": "2023-06-08T14:51:49.712Z", "variations": [38]}}, {"model": "order.orderproduct", "pk": 42, "fields": {"order": 4, "payment": 2, "user": 3, "product": 18, "quantity": 1, "ordered": true, "created_at": "2023-06-08T14:51:49.728Z", "updated_at": "2023-06-08T14:51:49.744Z", "variations": [37]}}, {"model": "order.orderproduct", "pk": 43, "fields": {"order": 4, "payment": 2, "user": 3, "product": 17, "quantity": 1, "ordered": true, "created_at": "2023-06-08T14:51:49.761Z", "updated_at": "2023-06-08T14:51:49.778Z", "variations": [9]}}, {"model": "order.orderproduct", "pk": 44, "fields": {"order": 4, "payment": 2, "user": 3, "product": 16, "quantity": 1, "ordered": true, "created_at": "2023-06-08T14:51:49.794Z", "updated_at": "2023-06-08T14:51:49.810Z", "variations": [35]}}, {"model": "order.orderproduct", "pk": 45, "fields": {"order": 4, "payment": 2, "user": 3, "product": 13, "quantity": 1, "ordered": true, "created_at": "2023-06-08T14:51:49.826Z", "updated_at": "2023-06-08T14:51:49.843Z", "variations": [255]}}, {"model": "order.orderproduct", "pk": 46, "fields": {"order": 4, "payment": 2, "user": 3, "product": 4, "quantity": 1, "ordered": true, "created_at": "2023-06-08T14:51:49.860Z", "updated_at": "2023-06-08T14:51:49.879Z", "variations": [2]}}, {"model": "order.orderproduct", "pk": 47, "fields": {"order": 5, "payment": 3, "user": 3, "product": 20, "quantity": 2, "ordered": true, "created_at": "2023-06-08T15:17:08.563Z", "updated_at": "2023-06-08T15:17:08.579Z", "variations": [39]}}, {"model": "order.orderproduct", "pk": 48, "fields": {"order": 5, "payment": 3, "user": 3, "product": 20, "quantity": 1, "ordered": true, "created_at": "2023-06-08T15:17:08.595Z", "updated_at": "2023-06-08T15:17:08.611Z", "variations": [39]}}, {"model": "order.orderproduct", "pk": 49, "fields": {"order": 5, "payment": 3, "user": 3, "product": 24, "quantity": 3, "ordered": true, "created_at": "2023-06-08T15:17:08.626Z", "updated_at": "2023-06-08T15:17:08.641Z", "variations": [157]}}, {"model": "order.orderproduct", "pk": 50, "fields": {"order": 5, "payment": 3, "user": 3, "product": 24, "quantity": 1, "ordered": true, "created_at": "2023-06-08T15:17:08.656Z", "updated_at": "2023-06-08T15:17:08.672Z", "variations": [158]}}, {"model": "order.orderproduct", "pk": 51, "fields": {"order": 6, "payment": 4, "user": 1, "product": 21, "quantity": 1, "ordered": true, "created_at": "2023-06-08T15:51:05.564Z", "updated_at": "2023-06-08T15:51:05.582Z", "variations": [154]}}, {"model": "order.orderproduct", "pk": 52, "fields": {"order": 7, "payment": 5, "user": 4, "product": 24, "quantity": 1, "ordered": true, "created_at": "2023-06-08T22:56:38.666Z", "updated_at": "2023-06-08T22:56:38.682Z", "variations": [157]}}, {"model": "order.orderproduct", "pk": 53, "fields": {"order": 41, "payment": 6, "user": 2, "product": 19, "quantity": 1, "ordered": true, "created_at": "2023-06-09T18:02:50.551Z", "updated_at": "2023-06-09T18:02:52.385Z", "variations": [38]}}, {"model": "order.orderproduct", "pk": 54, "fields": {"order": 42, "payment": 7, "user": 2, "product": 20, "quantity": 1, "ordered": true, "created_at": "2023-06-09T18:04:37.806Z", "updated_at": "2023-06-09T18:04:39.510Z", "variations": [39]}}, {"model": "order.orderproduct", "pk": 55, "fields": {"order": 44, "payment": 8, "user": 2, "product": 21, "quantity": 1, "ordered": true, "created_at": "2023-06-09T18:31:30.157Z", "updated_at": "2023-06-09T18:31:30.560Z", "variations": [154]}}, {"model": "order.orderproduct", "pk": 56, "fields": {"order": 45, "payment": 9, "user": 2, "product": 23, "quantity": 1, "ordered": true, "created_at": "2023-06-09T18:49:58.407Z", "updated_at": "2023-06-09T18:50:00.175Z", "variations": [156]}}, {"model": "order.orderproduct", "pk": 57, "fields": {"order": 46, "payment": 10, "user": 2, "product": 17, "quantity": 1, "ordered": true, "created_at": "2023-06-09T18:52:48.908Z", "updated_at": "2023-06-09T18:52:49.331Z", "variations": [8]}}, {"model": "order.orderproduct", "pk": 58, "fields": {"order": 47, "payment": 11, "user": 2, "product": 29, "quantity": 1, "ordered": true, "created_at": "2023-06-10T13:09:56.757Z", "updated_at": "2023-06-10T13:09:57.554Z", "variations": []}}, {"model": "order.orderproduct", "pk": 59, "fields": {"order": 47, "payment": 11, "user": 2, "product": 28, "quantity": 1, "ordered": true, "created_at": "2023-06-10T13:09:58.118Z", "updated_at": "2023-06-10T13:09:58.899Z", "variations": []}}, {"model": "order.orderproduct", "pk": 60, "fields": {"order": 47, "payment": 11, "user": 2, "product": 26, "quantity": 1, "ordered": true, "created_at": "2023-06-10T13:09:59.464Z", "updated_at": "2023-06-10T13:10:00.267Z", "variations": []}}, {"model": "order.orderproduct", "pk": 61, "fields": {"order": 47, "payment": 11, "user": 2, "product": 25, "quantity": 1, "ordered": true, "created_at": "2023-06-10T13:10:00.836Z", "updated_at": "2023-06-10T13:10:01.630Z", "variations": []}}, {"model": "review.reviewrating", "pk": 2, "fields": {"product": 24, "user": 2, "user_picture": "https://lh3.googleusercontent.com/a/AAcHTtds-bsaq2nEpD_bc3p4UlMijyV_z6R2yHnMZWDCXQc=s96-c", "title": "", "review": "", "rating": 4.0, "ip": "127.0.0.1", "status": true, "created_at": "2023-06-08T14:11:57.638Z", "updated_at": "2023-06-08T22:53:23.515Z"}}, {"model": "review.reviewrating", "pk": 3, "fields": {"product": 23, "user": 2, "user_picture": "https://lh3.googleusercontent.com/a/AAcHTtds-bsaq2nEpD_bc3p4UlMijyV_z6R2yHnMZWDCXQc=s96-c", "title": "Vegeta's Power Packed in a Sticker", "review": "The Vegeta sticker is absolutely amazing! The vibrant colors and dynamic pose showcase Vegeta's power and pride. It adheres well to any surface, and the quality is top-notch. As a Dragon Ball fan, I'm thrilled to have this sticker as a part of my collection", "rating": 4.0, "ip": "127.0.0.1", "status": true, "created_at": "2023-06-08T14:13:11.979Z", "updated_at": "2023-06-08T23:03:07.077Z"}}, {"model": "review.reviewrating", "pk": 5, "fields": {"product": 21, "user": 2, "user_picture": "https://lh3.googleusercontent.com/a/AAcHTtds-bsaq2nEpD_bc3p4UlMijyV_z6R2yHnMZWDCXQc=s96-c", "title": "Captivating and Mysterious", "review": "The Itachi sticker is captivating! Itachi's intense gaze and Sharingan eyes make it impossible to look away. The colors are vivid, and the quality is excellent. It's the perfect sticker for fans of Naruto and adds an air of mystery and power to any item it's applied to", "rating": 5.0, "ip": "127.0.0.1", "status": true, "created_at": "2023-06-08T14:14:37.340Z", "updated_at": "2023-06-08T23:03:02.858Z"}}, {"model": "review.reviewrating", "pk": 6, "fields": {"product": 20, "user": 2, "user_picture": "https://lh3.googleusercontent.com/a/AAcHTtds-bsaq2nEpD_bc3p4UlMijyV_z6R2yHnMZWDCXQc=s96-c", "title": "Nostalgic and Adorable", "review": "The Sailor Moon sticker brings back so many fond memories! It's beautifully designed and captures Sailor Moon's iconic look perfectly. The colors are vibrant, and the sticker is of high quality. It's a lovely addition to any Sailor Moon fan's collection!", "rating": 3.0, "ip": "127.0.0.1", "status": true, "created_at": "2023-06-08T14:15:12.833Z", "updated_at": "2023-06-08T23:03:34.220Z"}}, {"model": "review.reviewrating", "pk": 7, "fields": {"product": 19, "user": 2, "user_picture": "https://lh3.googleusercontent.com/a/AAcHTtds-bsaq2nEpD_bc3p4UlMijyV_z6R2yHnMZWDCXQc=s96-c", "title": "A Dynamic and Striking Artwork", "review": "The Red Luffy artwork is simply breathtaking! The bold color palette and powerful pose make it a standout piece. It's a fantastic representation of Luffy's fiery spirit and determination. The art quality is excellent, and I couldn't be happier with my purchase", "rating": 5.0, "ip": "127.0.0.1", "status": true, "created_at": "2023-06-08T14:15:50.107Z", "updated_at": "2023-06-08T23:02:58.738Z"}}, {"model": "review.reviewrating", "pk": 9, "fields": {"product": 17, "user": 2, "user_picture": "https://lh3.googleusercontent.com/a/AAcHTtds-bsaq2nEpD_bc3p4UlMijyV_z6R2yHnMZWDCXQc=s96-c", "title": "Dynamic and Energetic", "review": "The Blazing Naruto artwork is a powerhouse! The dynamic composition and vibrant colors truly capture Naruto's fiery spirit. It's a stunning representation of the character's determination and strength. The art quality is top-notch, and I highly recommend it to any Naruto fan!", "rating": 5.0, "ip": "127.0.0.1", "status": true, "created_at": "2023-06-08T14:24:50.750Z", "updated_at": "2023-06-08T23:03:30.114Z"}}, {"model": "review.reviewrating", "pk": 10, "fields": {"product": 16, "user": 2, "user_picture": "https://lh3.googleusercontent.com/a/AAcHTtds-bsaq2nEpD_bc3p4UlMijyV_z6R2yHnMZWDCXQc=s96-c", "title": "Stylish Display for Vegeta Fans", "review": "The Vegeta acrylic stand is a fantastic addition to my collection! The design is sleek, and the stand is sturdy. It beautifully showcases Vegeta's iconic pose and fierce attitude. It's a must-have for any Dragon Ball enthusiast looking for a stylish way to display their love for the Prince of Saiyans", "rating": 4.0, "ip": "127.0.0.1", "status": true, "created_at": "2023-06-08T14:25:41.063Z", "updated_at": "2023-06-08T23:03:26.059Z"}}, {"model": "review.reviewrating", "pk": 11, "fields": {"product": 13, "user": 2, "user_picture": "https://lh3.googleusercontent.com/a/AAcHTtds-bsaq2nEpD_bc3p4UlMijyV_z6R2yHnMZWDCXQc=s96-c", "title": "A Stand that Embodies Luffy's Spirited Nature", "review": "I recently got the Luffy acrylic stand, and it's fantastic! The stand is well-crafted and stands securely on any flat surface. The vibrant colors and dynamic pose perfectly capture Luffy's adventurous spirit. It's a great way to showcase my love for One Piece and add a touch of excitement to my collection.", "rating": 3.0, "ip": "127.0.0.1", "status": true, "created_at": "2023-06-08T14:26:15.727Z", "updated_at": "2023-06-08T23:03:18.392Z"}}, {"model": "review.reviewrating", "pk": 14, "fields": {"product": 10, "user": 2, "user_picture": "https://lh3.googleusercontent.com/a/AAcHTtds-bsaq2nEpD_bc3p4UlMijyV_z6R2yHnMZWDCXQc=s96-c", "title": "Explosively Delightful", "review": "I couldn't resist getting the Megumin figurine, and I'm thrilled with my purchase! The figurine brilliantly captures Megumin's unique personality and her love for explosions. From the dynamic pose to the intricate details of her mage attire, it's a delightful piece that brings a smile to my face every time I see it.", "rating": 5.0, "ip": "127.0.0.1", "status": true, "created_at": "2023-06-08T14:27:56.171Z", "updated_at": "2023-06-08T23:02:48.277Z"}}, {"model": "review.reviewrating", "pk": 19, "fields": {"product": 5, "user": 2, "user_picture": "https://lh3.googleusercontent.com/a/AAcHTtds-bsaq2nEpD_bc3p4UlMijyV_z6R2yHnMZWDCXQc=s96-c", "title": "Adorable Squirtle on the Go", "review": "The Squirtle keychain is too cute to resist! The small size and vibrant colors make it an eye-catching accessory. The attention to detail, from the shell pattern to the mischievous smile, is impressive. It's the perfect way to show off my love for Pokmon and add a touch of charm to my keys", "rating": 5.0, "ip": "127.0.0.1", "status": true, "created_at": "2023-06-08T14:32:30.611Z", "updated_at": "2023-06-08T23:01:22.656Z"}}, {"model": "review.reviewrating", "pk": 20, "fields": {"product": 4, "user": 2, "user_picture": "https://lh3.googleusercontent.com/a/AAcHTtds-bsaq2nEpD_bc3p4UlMijyV_z6R2yHnMZWDCXQc=s96-c", "title": "A Striking Tribute to Ichigo", "review": "The Ichigo acrylic stand is a must-have for any Bleach fan! The stand is well-made and showcases Ichigo's fierce determination. The vibrant colors and intricate details bring the character to life. It's a striking addition to my collection, and I love displaying it to honor the iconic Soul Reape", "rating": 4.0, "ip": "127.0.0.1", "status": true, "created_at": "2023-06-08T14:33:01.730Z", "updated_at": "2023-06-08T23:01:10.860Z"}}, {"model": "review.reviewrating", "pk": 21, "fields": {"product": 3, "user": 2, "user_picture": "https://lh3.googleusercontent.com/a/AAcHTtds-bsaq2nEpD_bc3p4UlMijyV_z6R2yHnMZWDCXQc=s96-c", "title": "Carry Naruto's Spirit Everywhere", "review": "The Naruto keychain is a fantastic accessory for fans of the series! The keychain is well-crafted and features a vibrant design of Naruto in action. It's a great way to show my love for the Hidden Leaf Village and carry Naruto's indomitable spirit with me wherever I go. It's a must-have for any Naruto enthusiast", "rating": 4.0, "ip": "127.0.0.1", "status": true, "created_at": "2023-06-08T14:34:29.488Z", "updated_at": "2023-06-08T23:01:07.927Z"}}, {"model": "review.reviewrating", "pk": 23, "fields": {"product": 1, "user": 2, "user_picture": "https://lh3.googleusercontent.com/a/AAcHTtds-bsaq2nEpD_bc3p4UlMijyV_z6R2yHnMZWDCXQc=s96-c", "title": "Sailing the Seas with Nami", "review": "The Nami keychain is a fantastic accessory for One Piece fans! The keychain features Nami's iconic appearance and showcases her adventurous spirit. The details are well-crafted, and the colors are vibrant. It's a great way to display my love for the Straw Hat Pirates and a practical way to keep my keys organized", "rating": 5.0, "ip": "127.0.0.1", "status": true, "created_at": "2023-06-08T14:35:29.402Z", "updated_at": "2023-06-08T23:01:01.539Z"}}, {"model": "review.reviewrating", "pk": 25, "fields": {"product": 24, "user": 3, "user_picture": "https://lh3.googleusercontent.com/a/AAcHTteKTeWxCRb15nTo7tLCNZL0g2APf1T8SIoAS8yN=s96-c", "title": "A Dynamic Tribute to Attack on Titan", "review": "The Eren Yeager figurine I received is absolutely incredible! The attention to detail is remarkable, from the meticulous sculpting to the lifelike facial expression. It captures Eren's determination and resilience perfectly. This figurine is a must-have for any fan of Attack on Titan", "rating": 4.0, "ip": "127.0.0.1", "status": true, "created_at": "2023-06-08T14:55:23.711Z", "updated_at": "2023-06-08T22:54:43.402Z"}}, {"model": "review.reviewrating", "pk": 26, "fields": {"product": 23, "user": 3, "user_picture": "https://lh3.googleusercontent.com/a/AAcHTteKTeWxCRb15nTo7tLCNZL0g2APf1T8SIoAS8yN=s96-c", "title": "A Powerful Addition to My Dragon Ball Collection", "review": "I'm thrilled with the Vegeta sticker I purchased! The artwork is vibrant and eye-catching, and it showcases Vegeta's iconic pose and intense gaze. The adhesive is strong, ensuring it stays in place. It's an excellent way to display my love for Dragon Ball and one of my favorite characters", "rating": 4.0, "ip": "127.0.0.1", "status": true, "created_at": "2023-06-08T14:55:52.843Z", "updated_at": "2023-06-08T22:58:26.346Z"}}, {"model": "review.reviewrating", "pk": 28, "fields": {"product": 21, "user": 3, "user_picture": "https://lh3.googleusercontent.com/a/AAcHTteKTeWxCRb15nTo7tLCNZL0g2APf1T8SIoAS8yN=s96-c", "title": "A Mystical Tribute to Naruto", "review": "The Itachi sticker I received is truly captivating! The design perfectly encapsulates Itachi's enigmatic personality and Sharingan eyes. The colors are vibrant, and the sticker adheres well to various surfaces. It's a wonderful addition to my Naruto collection, adding an air of mystery to my belongings", "rating": 4.0, "ip": "127.0.0.1", "status": true, "created_at": "2023-06-08T14:57:00.168Z", "updated_at": "2023-06-08T22:58:17.515Z"}}, {"model": "review.reviewrating", "pk": 29, "fields": {"product": 20, "user": 3, "user_picture": "https://lh3.googleusercontent.com/a/AAcHTteKTeWxCRb15nTo7tLCNZL0g2APf1T8SIoAS8yN=s96-c", "title": "A Nostalgic and Whimsical Delight", "review": "The Sailor Moon sticker I purchased is simply adorable! It features the iconic Sailor Moon in her classic pose, evoking a sense of nostalgia. The colors are vibrant, and the sticker quality is excellent. It's a charming way to pay homage to one of my favorite anime series.", "rating": 4.0, "ip": "127.0.0.1", "status": true, "created_at": "2023-06-08T14:57:31.680Z", "updated_at": "2023-06-08T22:58:12.822Z"}}, {"model": "review.reviewrating", "pk": 30, "fields": {"product": 19, "user": 3, "user_picture": "https://lh3.googleusercontent.com/a/AAcHTteKTeWxCRb15nTo7tLCNZL0g2APf1T8SIoAS8yN=s96-c", "title": "A Captivating Rendition of Luffy", "review": "The Red Luffy artwork I received is absolutely stunning! The color scheme and dynamic composition make it an eye-catching piece. It's a unique interpretation of Luffy, showcasing his fiery spirit. I'm impressed by the artist's talent and the quality of the print. It's definitely a standout in my collection.", "rating": 4.0, "ip": "127.0.0.1", "status": true, "created_at": "2023-06-08T14:58:07.337Z", "updated_at": "2023-06-08T22:58:08.057Z"}}, {"model": "review.reviewrating", "pk": 32, "fields": {"product": 17, "user": 3, "user_picture": "https://lh3.googleusercontent.com/a/AAcHTteKTeWxCRb15nTo7tLCNZL0g2APf1T8SIoAS8yN=s96-c", "title": "A Fiery Tribute to the Hero of Konoha", "review": "The Blazing Naruto artwork I purchased is absolutely fantastic! The vibrant colors and dynamic composition perfectly capture Naruto's energy and determination. It's an exhilarating portrayal that showcases his strength as a shinobi. This artwork is a testament to the enduring popularity of Naruto.", "rating": 4.0, "ip": "127.0.0.1", "status": true, "created_at": "2023-06-08T14:59:04.711Z", "updated_at": "2023-06-08T22:57:43.226Z"}}, {"model": "review.reviewrating", "pk": 33, "fields": {"product": 16, "user": 3, "user_picture": "https://lh3.googleusercontent.com/a/AAcHTteKTeWxCRb15nTo7tLCNZL0g2APf1T8SIoAS8yN=s96-c", "title": "A Stand that Demands Respec", "review": "I recently acquired the Vegeta acrylic stand, and it's nothing short of amazing! The stand is solid and well-made, providing a stable display for Vegeta's impressive figure. The acrylic material adds a touch of elegance, making it a focal point of my collection. Any Dragon Ball fan would be proud to own this stand.", "rating": 4.0, "ip": "127.0.0.1", "status": true, "created_at": "2023-06-08T14:59:44.268Z", "updated_at": "2023-06-08T22:58:00.807Z"}}, {"model": "review.reviewrating", "pk": 34, "fields": {"product": 13, "user": 3, "user_picture": "https://lh3.googleusercontent.com/a/AAcHTteKTeWxCRb15nTo7tLCNZL0g2APf1T8SIoAS8yN=s96-c", "title": "A Dynamic Showcase for the King of the Pirates", "review": "The Luffy acrylic stand I purchased is a true treasure! The stand not only displays Luffy in all his glory but also captures his adventurous spirit. The details are impeccable, from his iconic straw hat to his determined expression. It's a fantastic addition to my collection and a constant reminder to chase my dreams, just like Luffy", "rating": 4.0, "ip": "127.0.0.1", "status": true, "created_at": "2023-06-08T15:00:13.479Z", "updated_at": "2023-06-08T22:57:35.222Z"}}, {"model": "review.reviewrating", "pk": 37, "fields": {"product": 10, "user": 3, "user_picture": "https://lh3.googleusercontent.com/a/AAcHTteKTeWxCRb15nTo7tLCNZL0g2APf1T8SIoAS8yN=s96-c", "title": "Explosively Enchanting", "review": "The Megumin figurine I added to my collection is pure magic! The sculpting and paintwork are exquisite, highlighting Megumin's adorable charm and love for explosions. Her pose and expression perfectly convey her mischievous nature. It's a delightful piece that never fails to bring a smile to my face. Truly a must-have for any fan of KonoSuba", "rating": 4.0, "ip": "127.0.0.1", "status": true, "created_at": "2023-06-08T15:01:50.384Z", "updated_at": "2023-06-08T22:57:47.884Z"}}, {"model": "review.reviewrating", "pk": 42, "fields": {"product": 5, "user": 3, "user_picture": "https://lh3.googleusercontent.com/a/AAcHTteKTeWxCRb15nTo7tLCNZL0g2APf1T8SIoAS8yN=s96-c", "title": "A Pocket-Sized Splash of Nostalgia", "review": "The Squirtle keychain I purchased is an absolute gem! It's a tiny bundle of nostalgia that brings back memories of my favorite Pokmon adventures. The keychain is well-made, with vibrant colors and fine detailing. Squirtle's adorable expression and water-inspired design are simply irresistible. It's a delightful accessory that adds a touch of Pokmon charm to my everyday life", "rating": 4.0, "ip": "127.0.0.1", "status": true, "created_at": "2023-06-08T15:06:00.931Z", "updated_at": "2023-06-08T22:55:26.932Z"}}, {"model": "review.reviewrating", "pk": 43, "fields": {"product": 4, "user": 3, "user_picture": "https://lh3.googleusercontent.com/a/AAcHTteKTeWxCRb15nTo7tLCNZL0g2APf1T8SIoAS8yN=s96-c", "title": "A Captivating Tribute to the Soul Reaper", "review": "The Ichigo acrylic stand is a true masterpiece for Bleach fans! The stand beautifully captures Ichigo's fierce determination and showcases his iconic Zanpakuto. The acrylic material gives it a sleek and modern look, making it an eye-catching addition to my collection. It's a striking tribute to one of my favorite anime characters and a standout piece on my display shelf", "rating": 5.0, "ip": "127.0.0.1", "status": true, "created_at": "2023-06-08T15:06:38.905Z", "updated_at": "2023-06-08T22:55:21.503Z"}}, {"model": "review.reviewrating", "pk": 44, "fields": {"product": 3, "user": 3, "user_picture": "https://lh3.googleusercontent.com/a/AAcHTteKTeWxCRb15nTo7tLCNZL0g2APf1T8SIoAS8yN=s96-c", "title": "A Ninja's Way Always at Hand", "review": "The Naruto keychain I received is absolutely fantastic! It's a small but mighty accessory that pays homage to the world of ninjas. The keychain features Naruto in a dynamic pose, exuding his indomitable spirit. The colors are vibrant, and the craftsmanship is top-notch. It's a constant reminder to never give up and to embrace the power of friendship and determination", "rating": 3.0, "ip": "127.0.0.1", "status": true, "created_at": "2023-06-08T15:07:11.511Z", "updated_at": "2023-06-08T22:54:37.640Z"}}, {"model": "review.reviewrating", "pk": 46, "fields": {"product": 1, "user": 3, "user_picture": "https://lh3.googleusercontent.com/a/AAcHTteKTeWxCRb15nTo7tLCNZL0g2APf1T8SIoAS8yN=s96-c", "title": "Setting Sail with Style", "review": "The Nami keychain I purchased is a stylish tribute to the navigator of the Straw Hat Pirates. The keychain showcases Nami's iconic appearance and captures her adventurous spirit. The colors are vibrant, and the design is well-executed. It's a fantastic accessory that allows me to carry a piece of One Piece wherever I go. It's a must-have for any fan of the series!", "rating": 4.0, "ip": "127.0.0.1", "status": true, "created_at": "2023-06-08T15:08:10.786Z", "updated_at": "2023-06-08T22:54:30.587Z"}}, {"model": "review.reviewrating", "pk": 47, "fields": {"product": 24, "user": 4, "user_picture": "https://lh3.googleusercontent.com/a/AAcHTtey5wWuM0h3ti_NLN-0JSqct_650R-yNrIDUzoE=s96-c", "title": "", "review": "", "rating": 4.0, "ip": "127.0.0.1", "status": true, "created_at": "2023-06-08T22:56:51.691Z", "updated_at": "2023-06-08T22:56:51.691Z"}}, {"model": "review.reviewrating", "pk": 49, "fields": {"product": 18, "user": 2, "user_picture": "https://lh3.googleusercontent.com/a/AAcHTtds-bsaq2nEpD_bc3p4UlMijyV_z6R2yHnMZWDCXQc=s96-c", "title": "", "review": "", "rating": 3.0, "ip": "127.0.0.1", "status": true, "created_at": "2023-06-09T15:17:24.507Z", "updated_at": "2023-06-09T15:26:36.087Z"}}, {"model": "review.reviewrating", "pk": 50, "fields": {"product": 18, "user": 3, "user_picture": "https://lh3.googleusercontent.com/a/AAcHTteKTeWxCRb15nTo7tLCNZL0g2APf1T8SIoAS8yN=s96-c", "title": "", "review": "", "rating": 5.0, "ip": "127.0.0.1", "status": true, "created_at": "2023-06-09T15:18:06.654Z", "updated_at": "2023-06-09T15:18:06.654Z"}}, {"model": "review.reviewrating", "pk": 51, "fields": {"product": 29, "user": 2, "user_picture": "https://lh3.googleusercontent.com/a/AAcHTtds-bsaq2nEpD_bc3p4UlMijyV_z6R2yHnMZWDCXQc=s96-c", "title": "Adorable and Huggable! Chopper Plushy is a Must-Have for One Piece Fans", "review": "This Chopper plushy is the perfect companion for any fan of the popular anime series One Piece. Its soft and cuddly design captures the lovable nature of Chopper, making it a delightful addition to any collection", "rating": 4.0, "ip": "127.0.0.1", "status": true, "created_at": "2023-06-10T13:14:08.492Z", "updated_at": "2023-06-10T13:14:08.492Z"}}, {"model": "review.reviewrating", "pk": 52, "fields": {"product": 26, "user": 2, "user_picture": "https://lh3.googleusercontent.com/a/AAcHTtds-bsaq2nEpD_bc3p4UlMijyV_z6R2yHnMZWDCXQc=s96-c", "title": "Bring the Swordsman to Life! Zoro Plushy is a Sword-Wielding Delight", "review": "Fans of the fierce swordsman from One Piece will be thrilled with this Zoro plushy. With its detailed design and realistic swords, it beautifully captures the essence of Zoro's character, making it a fantastic gift for any anime enthusiast", "rating": 4.0, "ip": "127.0.0.1", "status": true, "created_at": "2023-06-10T13:14:41.187Z", "updated_at": "2023-06-10T13:14:41.187Z"}}, {"model": "review.reviewrating", "pk": 53, "fields": {"product": 25, "user": 2, "user_picture": "https://lh3.googleusercontent.com/a/AAcHTtds-bsaq2nEpD_bc3p4UlMijyV_z6R2yHnMZWDCXQc=s96-c", "title": "Embrace the Spirit of a Ninja! Naruto Plushy is a Whiskered Wonder", "review": "This Naruto plushy is a must-have for fans of the iconic anime series. With its adorable design featuring Naruto's trademark whiskers, it brings the beloved ninja to life. Soft and huggable, it's the perfect companion for any Naruto fan", "rating": 5.0, "ip": "127.0.0.1", "status": true, "created_at": "2023-06-10T13:15:08.019Z", "updated_at": "2023-06-10T13:15:08.019Z"}}, {"model": "review.reviewrating", "pk": 54, "fields": {"product": 28, "user": 2, "user_picture": "https://lh3.googleusercontent.com/a/AAcHTtds-bsaq2nEpD_bc3p4UlMijyV_z6R2yHnMZWDCXQc=s96-c", "title": "Magical and Beautiful! Sailor Moon Plushy is a Dream Come True", "review": "This Sailor Moon plushy captures the elegance and charm of the beloved character. With its vibrant colors and high-quality craftsmanship, it's a delightful collectible for any fan of the iconic anime series. Embrace the magic and relive your favorite Sailor Moon moments with this enchanting plushy", "rating": 4.0, "ip": "127.0.0.1", "status": true, "created_at": "2023-06-10T13:15:22.340Z", "updated_at": "2023-06-10T13:15:22.340Z"}}]